Role,Type,Contribution Frequency
Peripheral,Volunteer,0.9103169251517196
Peripheral,Volunteer,4.090909090909091
Peripheral,Volunteer,0.2153110047846889
Peripheral,Volunteer,2.0
Peripheral,Volunteer,24.545454545454547
Peripheral,Volunteer,2.916666666666667
Peripheral,Volunteer,3.7795275590551194
Peripheral,Volunteer,0.8108108108108107
Peripheral,Volunteer,0.7058823529411764
Peripheral,Volunteer,1.487603305785124
Peripheral,Volunteer,1.0619469026548671
Peripheral,Volunteer,0.6451612903225806
Peripheral,Volunteer,3.6
Peripheral,Volunteer,15.0
Peripheral,Volunteer,0.131578947368421
Peripheral,Volunteer,31.764705882352946
Peripheral,Volunteer,0.6122448979591837
Peripheral,Volunteer,1.6489361702127658
Peripheral,Volunteer,0.2821316614420063
Peripheral,Volunteer,0.2531645569620253
Peripheral,Volunteer,1.21996303142329
Peripheral,Volunteer,6.8181818181818175
Peripheral,Volunteer,1.5496688741721854
Peripheral,Volunteer,0.8732876712328768
Peripheral,Volunteer,1.779661016949153
Peripheral,Volunteer,0.1300108342361863
Peripheral,Volunteer,50.76923076923077
Peripheral,Volunteer,2.0338983050847457
Peripheral,Volunteer,3.2198952879581157
Peripheral,Volunteer,3.913043478260869
Peripheral,Volunteer,0.3337696335078534
Peripheral,Volunteer,0.1694045174537987
Peripheral,Volunteer,0.5217391304347826
Peripheral,Volunteer,0.6880733944954128
Peripheral,Volunteer,1.0402684563758389
Peripheral,Volunteer,9.827586206896552
Peripheral,Volunteer,1.0
Peripheral,Volunteer,0.4030710172744721
Peripheral,Volunteer,8.982035928143713
Peripheral,Volunteer,1.6666666666666667
Peripheral,Volunteer,6.226415094339623
Peripheral,Volunteer,0.0697674418604651
Peripheral,Volunteer,3.0
Peripheral,Volunteer,33.75
Peripheral,Volunteer,7.0212765957446805
Peripheral,Volunteer,0.2003710575139146
Peripheral,Volunteer,0.619586942038641
Peripheral,Volunteer,0.8123791102514506
Peripheral,Volunteer,1.925675675675676
Peripheral,Volunteer,0.1363636363636363
Peripheral,Volunteer,0.1481481481481481
Peripheral,Volunteer,6.0
Peripheral,Volunteer,0.6971830985915493
Peripheral,Volunteer,10.0
Peripheral,Volunteer,3.409090909090909
Peripheral,Volunteer,1.0125361620057858
Peripheral,Volunteer,8.68421052631579
Peripheral,Volunteer,0.9292035398230089
Peripheral,Volunteer,0.5106382978723405
Peripheral,Volunteer,2.0689655172413794
Peripheral,Volunteer,0.215439856373429
Peripheral,Volunteer,2.926829268292683
Peripheral,Volunteer,0.352112676056338
Peripheral,Volunteer,0.3686635944700461
Peripheral,Volunteer,3.6774193548387095
Peripheral,Volunteer,1.1523687580025608
Peripheral,Volunteer,0.084841628959276
Peripheral,Volunteer,1.9047619047619049
Peripheral,Volunteer,3.2590529247910864
Peripheral,Volunteer,0.1255230125523012
Peripheral,Volunteer,1.8693009118541035
Peripheral,Volunteer,26.153846153846157
Peripheral,Volunteer,1.2
Peripheral,Volunteer,0.9803921568627452
Peripheral,Volunteer,8.571428571428571
Peripheral,Volunteer,0.331858407079646
Peripheral,Volunteer,0.1206434316353887
Peripheral,Volunteer,60.0
Peripheral,Volunteer,1.2142857142857142
Peripheral,Volunteer,1.646341463414634
Peripheral,Volunteer,0.1625135427952329
Peripheral,Volunteer,20.0
Peripheral,Volunteer,2.0
Peripheral,Volunteer,0.2782071097372488
Peripheral,Volunteer,0.1878914405010438
Peripheral,Volunteer,0.4054054054054054
Peripheral,Volunteer,60.0
Peripheral,Volunteer,1.4516129032258065
Peripheral,Volunteer,8.75
Peripheral,Volunteer,0.1025641025641025
Peripheral,Volunteer,0.2702702702702703
Peripheral,Volunteer,3.7857142857142856
Peripheral,Volunteer,1.2222222222222223
Peripheral,Volunteer,2.0
Peripheral,Volunteer,30.0
Peripheral,Volunteer,0.238095238095238
Peripheral,Volunteer,3.723653395784544
Peripheral,Volunteer,15.0
Peripheral,Volunteer,8.571428571428571
Peripheral,Volunteer,0.5595854922279793
Peripheral,Volunteer,0.9056603773584906
Peripheral,Volunteer,5.0
Peripheral,Volunteer,1.681735985533454
Peripheral,Volunteer,0.9677419354838708
Peripheral,Volunteer,0.6382978723404256
Peripheral,Volunteer,2.455357142857143
Peripheral,Volunteer,1.7391304347826089
Peripheral,Volunteer,1.5
Peripheral,Volunteer,0.5096743747050495
Peripheral,Volunteer,90.0
Peripheral,Volunteer,30.0
Peripheral,Volunteer,60.0
Peripheral,Volunteer,1.2080536912751678
Peripheral,Volunteer,60.0
Peripheral,Volunteer,3.087248322147651
Peripheral,Volunteer,0.3662258392675483
Peripheral,Volunteer,90.0
Peripheral,Volunteer,240.0
Peripheral,Volunteer,60.0
Peripheral,Volunteer,6.4
Peripheral,Volunteer,0.3662724151087371
Peripheral,Volunteer,2.1238938053097347
Peripheral,Volunteer,5.0
Peripheral,Volunteer,2.0
Peripheral,Volunteer,4.347826086956522
Peripheral,Volunteer,0.1776649746192893
Peripheral,Volunteer,2.4683544303797467
Peripheral,Volunteer,0.8878183069511356
Peripheral,Volunteer,1.6216216216216215
Peripheral,Volunteer,1.7064220183486238
Peripheral,Volunteer,0.5689655172413793
Peripheral,Volunteer,3.333333333333333
Peripheral,Volunteer,1.6966580976863752
Peripheral,Volunteer,2.2058823529411766
Peripheral,Volunteer,0.2154046997389034
Peripheral,Volunteer,5.225806451612903
Peripheral,Volunteer,2.0
Peripheral,Volunteer,5.0
Peripheral,Volunteer,0.9554140127388536
Peripheral,Volunteer,0.1317715959004392
Peripheral,Volunteer,12.0
Peripheral,Volunteer,0.2620087336244541
Peripheral,Volunteer,3.333333333333333
Peripheral,Volunteer,2.0
Peripheral,Volunteer,6.875
Peripheral,Volunteer,3.7327188940092166
Peripheral,Volunteer,5.714285714285714
Peripheral,Volunteer,2.3076923076923075
Peripheral,Volunteer,0.3934426229508197
Peripheral,Volunteer,0.1803607214428857
Peripheral,Volunteer,4.871794871794872
Peripheral,Volunteer,2.0
Peripheral,Volunteer,2.0454545454545454
Peripheral,Volunteer,0.8315565031982942
Peripheral,Volunteer,0.967741935483871
Peripheral,Volunteer,0.1827875095201828
Peripheral,Volunteer,0.0377121307353865
Peripheral,Volunteer,2.181818181818182
Peripheral,Volunteer,20.0
Peripheral,Volunteer,0.4285714285714285
Peripheral,Volunteer,26.129032258064512
Peripheral,Volunteer,0.1388888888888889
Peripheral,Volunteer,12.0
Peripheral,Volunteer,37.5
Peripheral,Volunteer,0.1682242990654205
Peripheral,Volunteer,3.1578947368421053
Peripheral,Volunteer,1.11864406779661
Peripheral,Volunteer,0.1018867924528302
Peripheral,Volunteer,0.0369913686806411
Peripheral,Volunteer,2.327586206896552
Peripheral,Volunteer,0.5797101449275363
Peripheral,Volunteer,2.0
Peripheral,Volunteer,3.0
Peripheral,Volunteer,4.0
Peripheral,Volunteer,21.95121951219512
Peripheral,Volunteer,11.25
Peripheral,Volunteer,0.2528089887640449
Peripheral,Volunteer,60.0
Peripheral,Volunteer,24.0
Peripheral,Volunteer,60.0
Peripheral,Volunteer,0.1856763925729442
Peripheral,Volunteer,1.390728476821192
Peripheral,Volunteer,5.172413793103448
Peripheral,Volunteer,60.0
Peripheral,Volunteer,7.5
Peripheral,Volunteer,0.0483091787439613
Peripheral,Volunteer,5.664335664335664
Peripheral,Volunteer,1.2359550561797752
Peripheral,Volunteer,1.1594202898550725
Peripheral,Volunteer,1.0714285714285714
Peripheral,Volunteer,0.3267326732673267
Peripheral,Volunteer,12.857142857142858
Peripheral,Volunteer,1.6666666666666663
Peripheral,Volunteer,7.452229299363057
Peripheral,Volunteer,0.4078164825828377
Peripheral,Volunteer,2.142857142857143
Peripheral,Volunteer,2.0
Peripheral,Volunteer,0.3221957040572792
Peripheral,Volunteer,0.5781865965834428
Peripheral,Volunteer,1.875
Peripheral,Volunteer,36.0
Peripheral,Volunteer,0.7570977917981073
Peripheral,Volunteer,1.0714285714285714
Peripheral,Volunteer,0.2533783783783783
Peripheral,Volunteer,45.0
Peripheral,Volunteer,0.036607687614399
Peripheral,Volunteer,0.3833865814696485
Peripheral,Volunteer,4.864864864864865
Peripheral,Volunteer,0.813953488372093
Peripheral,Volunteer,47.14285714285714
Peripheral,Volunteer,45.0
Peripheral,Volunteer,1.951219512195122
Peripheral,Volunteer,12.0
Peripheral,Volunteer,0.096961861667744
Peripheral,Volunteer,30.0
Peripheral,Volunteer,1.830508474576271
Peripheral,Volunteer,0.6027397260273972
Peripheral,Volunteer,0.7692307692307693
Peripheral,Volunteer,0.598159509202454
Peripheral,Volunteer,0.0669642857142857
Peripheral,Volunteer,3.061224489795918
Peripheral,Volunteer,0.3237410071942446
Peripheral,Volunteer,0.4535637149028078
Peripheral,Volunteer,0.3973509933774835
Peripheral,Volunteer,0.8561236623067776
Peripheral,Volunteer,0.7860262008733625
Peripheral,Volunteer,12.857142857142858
Peripheral,Volunteer,60.0
Peripheral,Volunteer,0.0857142857142857
Peripheral,Volunteer,3.6986301369863015
Peripheral,Volunteer,0.5797101449275363
Peripheral,Volunteer,2.5461254612546127
Peripheral,Volunteer,0.6474820143884892
Peripheral,Volunteer,2.0
Peripheral,Volunteer,1.3043478260869563
Peripheral,Volunteer,0.7826086956521738
Peripheral,Volunteer,9.759036144578314
Peripheral,Volunteer,4.444444444444445
Peripheral,Volunteer,0.2368421052631579
Peripheral,Volunteer,45.0
Peripheral,Volunteer,2.7272727272727275
Peripheral,Volunteer,0.1255230125523012
Peripheral,Volunteer,0.3459637561779242
Peripheral,Volunteer,3.0
Peripheral,Volunteer,0.8675799086757991
Peripheral,Volunteer,0.1097393689986282
Peripheral,Volunteer,1.1111111111111112
Peripheral,Volunteer,3.1578947368421053
Peripheral,Volunteer,90.0
Peripheral,Volunteer,1.868512110726644
Peripheral,Volunteer,1.3043478260869563
Peripheral,Volunteer,0.6655504395144412
Peripheral,Volunteer,0.7453416149068324
Peripheral,Volunteer,2.0
Peripheral,Volunteer,20.526315789473685
Peripheral,Volunteer,3.4615384615384617
Peripheral,Volunteer,15.0
Peripheral,Volunteer,0.5067567567567567
Peripheral,Volunteer,0.0566393958464443
Peripheral,Volunteer,0.8450704225352114
Peripheral,Volunteer,0.1411290322580645
Peripheral,Volunteer,0.6420927467300832
Peripheral,Volunteer,0.4054054054054054
Peripheral,Volunteer,0.5075187969924811
Peripheral,Volunteer,0.126463700234192
Peripheral,Volunteer,21.176470588235293
Peripheral,Volunteer,0.4010695187165775
Peripheral,Volunteer,42.0
Peripheral,Volunteer,0.3883495145631068
Peripheral,Volunteer,0.023130300693909
Peripheral,Volunteer,20.0
Peripheral,Volunteer,10.0
Peripheral,Volunteer,1.0909090909090908
Peripheral,Volunteer,30.0
Peripheral,Volunteer,0.6501547987616099
Peripheral,Volunteer,0.0322234156820623
Peripheral,Volunteer,0.702576112412178
Peripheral,Volunteer,4.285714285714286
Peripheral,Volunteer,1.2162162162162162
Peripheral,Volunteer,0.2471169686985173
Peripheral,Volunteer,0.6490384615384616
Peripheral,Volunteer,0.1421188630490956
Peripheral,Volunteer,0.0849323686693928
Peripheral,Volunteer,0.875
Peripheral,Volunteer,0.5034965034965035
Peripheral,Volunteer,1.863354037267081
Peripheral,Volunteer,14.347826086956522
Peripheral,Volunteer,0.525231719876416
Peripheral,Volunteer,0.079957356076759
Peripheral,Volunteer,3.6986301369863015
Peripheral,Volunteer,0.1234567901234568
Peripheral,Volunteer,0.1870748299319728
Peripheral,Volunteer,0.0750938673341677
Peripheral,Volunteer,6.666666666666667
Peripheral,Volunteer,0.2312138728323699
Peripheral,Volunteer,2.727272727272727
Peripheral,Volunteer,0.4357541899441341
Peripheral,Volunteer,15.0
Peripheral,Volunteer,0.7317073170731707
Peripheral,Volunteer,0.15059160989602
Peripheral,Volunteer,0.198237885462555
Peripheral,Volunteer,0.1782178217821782
Peripheral,Volunteer,2.37467018469657
Peripheral,Volunteer,0.7860262008733624
Peripheral,Volunteer,0.3409090909090909
Peripheral,Volunteer,2.0408163265306123
Peripheral,Volunteer,10.90909090909091
Peripheral,Volunteer,6.0
Peripheral,Volunteer,1.925320886814469
Peripheral,Volunteer,0.4107142857142857
Peripheral,Volunteer,1.4574898785425103
Peripheral,Volunteer,3.0
Peripheral,Volunteer,0.6047326906222612
Peripheral,Volunteer,21.176470588235293
Peripheral,Volunteer,0.3463203463203463
Peripheral,Volunteer,0.3937947494033413
Peripheral,Volunteer,0.4545454545454546
Peripheral,Volunteer,2.571428571428571
Peripheral,Volunteer,1.0294117647058825
Peripheral,Volunteer,1.0491257285595337
Peripheral,Volunteer,2.0
Peripheral,Volunteer,3.0
Peripheral,Volunteer,0.1974766867800329
Peripheral,Volunteer,10.0
Peripheral,Volunteer,0.3680981595092025
Peripheral,Volunteer,2.373417721518988
Peripheral,Volunteer,2.4324324324324325
Peripheral,Volunteer,0.6275681733283526
Peripheral,Volunteer,2.0
Peripheral,Volunteer,1.3134851138353765
Peripheral,Volunteer,1.5789473684210529
Peripheral,Volunteer,0.313588850174216
Peripheral,Volunteer,0.794701986754967
Peripheral,Volunteer,0.0225479143179255
Peripheral,Volunteer,0.1036269430051813
Peripheral,Volunteer,90.0
Peripheral,Volunteer,0.2181818181818181
Peripheral,Volunteer,60.0
Peripheral,Volunteer,7.4074074074074066
Peripheral,Volunteer,0.4422604422604422
Peripheral,Volunteer,13.953488372093023
Peripheral,Volunteer,12.0
Peripheral,Volunteer,2.0
Peripheral,Volunteer,0.1588422167313801
Peripheral,Volunteer,0.198019801980198
Peripheral,Volunteer,0.170316301703163
Peripheral,Volunteer,7.3426573426573425
Peripheral,Volunteer,3.0
Peripheral,Volunteer,0.334907685702018
Peripheral,Volunteer,0.0336322869955156
Peripheral,Volunteer,8.210526315789474
Peripheral,Volunteer,0.2120141342756183
Peripheral,Volunteer,120.0
Peripheral,Volunteer,10.0
Peripheral,Volunteer,3.0769230769230766
Peripheral,Volunteer,0.4838709677419354
Peripheral,Volunteer,0.4958677685950413
Peripheral,Volunteer,60.0
Peripheral,Volunteer,1.3356164383561644
Peripheral,Volunteer,0.1525054466230936
Peripheral,Volunteer,30.0
Peripheral,Volunteer,2.3076923076923075
Peripheral,Volunteer,0.4035874439461883
Peripheral,Volunteer,4.545454545454545
Peripheral,Volunteer,7.0212765957446805
Peripheral,Volunteer,30.0
Peripheral,Volunteer,7.5
Peripheral,Volunteer,35.294117647058826
Peripheral,Volunteer,2.0
Peripheral,Volunteer,60.0
Peripheral,Volunteer,90.0
Peripheral,Volunteer,0.0973393900064893
Peripheral,Volunteer,0.1244813278008298
Peripheral,Volunteer,1.2121212121212122
Peripheral,Volunteer,0.2483443708609271
Peripheral,Volunteer,3.0303030303030303
Peripheral,Volunteer,1.1858704793944492
Peripheral,Volunteer,10.714285714285714
Peripheral,Volunteer,0.1923076923076923
Peripheral,Volunteer,0.3829787234042553
Peripheral,Volunteer,0.7553956834532374
Peripheral,Volunteer,60.0
Peripheral,Volunteer,10.0
Peripheral,Volunteer,2.0
Peripheral,Volunteer,0.9574468085106383
Peripheral,Volunteer,0.3065134099616858
Peripheral,Volunteer,0.2616726526423807
Peripheral,Volunteer,0.5133470225872689
Peripheral,Volunteer,1.3677811550151977
Peripheral,Volunteer,2.0
Peripheral,Volunteer,60.0
Peripheral,Volunteer,39.375
Peripheral,Volunteer,0.448654037886341
Peripheral,Volunteer,0.2181818181818182
Peripheral,Volunteer,0.3125
Peripheral,Volunteer,9.23076923076923
Peripheral,Volunteer,0.8666666666666667
Peripheral,Volunteer,8.571428571428571
Peripheral,Volunteer,60.0
Peripheral,Volunteer,1.1764705882352942
Peripheral,Volunteer,4.038461538461538
Peripheral,Volunteer,0.2741514360313316
Peripheral,Volunteer,2.7906976744186047
Peripheral,Volunteer,2.5
Peripheral,Volunteer,0.2654867256637168
Peripheral,Volunteer,90.0
Peripheral,Volunteer,2.4
Peripheral,Volunteer,90.0
Peripheral,Volunteer,16.363636363636363
Peripheral,Volunteer,10.714285714285714
Peripheral,Volunteer,0.5429864253393666
Peripheral,Volunteer,0.3896103896103896
Peripheral,Volunteer,0.051783659378596
Peripheral,Volunteer,45.0
Peripheral,Volunteer,2.0
Peripheral,Volunteer,0.2047146401985111
Peripheral,Volunteer,35.0
Peripheral,Volunteer,3.0
Peripheral,Volunteer,0.1843722563652326
Peripheral,Volunteer,3.103448275862069
Peripheral,Volunteer,3.0
Peripheral,Volunteer,90.0
Peripheral,Volunteer,0.6256860592755213
Peripheral,Volunteer,1.411764705882353
Peripheral,Volunteer,0.0499583680266444
Peripheral,Volunteer,1.3235294117647058
Peripheral,Volunteer,2.3835616438356166
Peripheral,Volunteer,0.1485148514851485
Peripheral,Volunteer,0.2476107732406603
Peripheral,Volunteer,60.0
Peripheral,Volunteer,6.724137931034483
Peripheral,Volunteer,1.0694183864915572
Peripheral,Volunteer,3.75
Peripheral,Volunteer,60.0
Peripheral,Volunteer,7.0588235294117645
Peripheral,Volunteer,0.1971090670170827
Peripheral,Volunteer,3.0
Peripheral,Volunteer,240.0
Peripheral,Volunteer,0.6963613550815558
Peripheral,Volunteer,10.0
Peripheral,Volunteer,21.75
Peripheral,Volunteer,0.1018675721561969
Peripheral,Volunteer,0.2889908256880734
Peripheral,Volunteer,6.73469387755102
Peripheral,Volunteer,1.1715976331360949
Peripheral,Volunteer,0.4511278195488721
Peripheral,Volunteer,4.8
Peripheral,Volunteer,2.0
Peripheral,Volunteer,0.2764976958525346
Peripheral,Volunteer,1.0150375939849623
Peripheral,Volunteer,0.3039073806078147
Peripheral,Volunteer,2.5
Peripheral,Volunteer,0.254957507082153
Peripheral,Volunteer,0.5329949238578681
Peripheral,Volunteer,0.4244031830238726
Peripheral,Volunteer,0.0526777875329236
Peripheral,Volunteer,30.0
Peripheral,Volunteer,0.5454545454545454
Peripheral,Volunteer,0.1725888324873096
Peripheral,Volunteer,18.571428571428573
Peripheral,Volunteer,3.2142857142857144
Peripheral,Volunteer,15.0
Peripheral,Volunteer,0.9375
Peripheral,Volunteer,4.45945945945946
Peripheral,Volunteer,7.5
Peripheral,Volunteer,1.6446124763705103
Peripheral,Volunteer,0.1379310344827586
Peripheral,Volunteer,2.857142857142857
Peripheral,Volunteer,0.1102941176470588
Peripheral,Volunteer,18.0
Peripheral,Volunteer,23.333333333333336
Peripheral,Volunteer,15.0
Peripheral,Volunteer,8.863636363636365
Peripheral,Volunteer,3.267326732673267
Peripheral,Volunteer,3.0
Peripheral,Volunteer,2.0
Peripheral,Volunteer,0.77079107505071
Peripheral,Volunteer,0.0910931174089069
Peripheral,Volunteer,15.0
Peripheral,Volunteer,0.6945975744211687
Peripheral,Volunteer,0.2687713310580205
Peripheral,Volunteer,1.0316742081447965
Peripheral,Volunteer,0.3539019963702359
Peripheral,Volunteer,11.25
Peripheral,Volunteer,0.2611534276387378
Peripheral,Volunteer,22.5
Peripheral,Volunteer,12.5
Peripheral,Volunteer,0.3065134099616858
Peripheral,Volunteer,0.1430842607313195
Peripheral,Volunteer,0.8435013262599469
Peripheral,Volunteer,1.3259668508287292
Peripheral,Volunteer,0.1175702155453951
Peripheral,Volunteer,30.0
Peripheral,Volunteer,15.0
Peripheral,Volunteer,1.7045454545454546
Peripheral,Volunteer,2.7272727272727275
Peripheral,Volunteer,4.736842105263158
Peripheral,Volunteer,25.0
Peripheral,Volunteer,63.0
Peripheral,Volunteer,0.0616438356164383
Peripheral,Volunteer,0.8485856905158069
Peripheral,Volunteer,180.0
Peripheral,Volunteer,2.0
Peripheral,Volunteer,1.3043478260869563
Peripheral,Volunteer,5.0
Peripheral,Volunteer,5.806451612903225
Peripheral,Volunteer,2.0
Peripheral,Volunteer,11.428571428571429
Peripheral,Volunteer,0.1640340218712029
Peripheral,Volunteer,5.217391304347826
Peripheral,Volunteer,15.0
Peripheral,Volunteer,300.0
Peripheral,Volunteer,2.054794520547945
Peripheral,Volunteer,50.0
Peripheral,Volunteer,0.7651006711409396
Peripheral,Volunteer,2.0357142857142856
Peripheral,Volunteer,2.181818181818182
Peripheral,Volunteer,5.909090909090908
Peripheral,Volunteer,2.0
Peripheral,Volunteer,2.345132743362832
Peripheral,Volunteer,1.1278195488721805
Peripheral,Volunteer,19.565217391304348
Peripheral,Volunteer,5.416666666666667
Peripheral,Volunteer,1.3006993006993008
Peripheral,Volunteer,2.0
Peripheral,Volunteer,0.8064516129032258
Peripheral,Volunteer,7.5
Peripheral,Volunteer,0.099009900990099
Peripheral,Volunteer,3.0
Peripheral,Volunteer,0.5555555555555556
Peripheral,Volunteer,23.07692307692308
Peripheral,Volunteer,0.2982107355864811
Peripheral,Volunteer,7.5
Peripheral,Volunteer,3.5
Peripheral,Volunteer,0.4434782608695652
Peripheral,Volunteer,2.608695652173913
Peripheral,Volunteer,1.2295081967213115
Peripheral,Volunteer,0.6741573033707865
Peripheral,Volunteer,0.1812688821752265
Peripheral,Volunteer,0.3381424706943192
Peripheral,Volunteer,25.714285714285715
Peripheral,Volunteer,0.4901960784313725
Peripheral,Volunteer,60.0
Peripheral,Volunteer,3.0
Peripheral,Volunteer,90.0
Peripheral,Volunteer,0.2808112324492979
Peripheral,Volunteer,120.0
Peripheral,Volunteer,13.125
Peripheral,Volunteer,0.387263339070568
Peripheral,Volunteer,2.0
Peripheral,Volunteer,2.773109243697479
Peripheral,Volunteer,0.189965903555772
Peripheral,Volunteer,105.0
Peripheral,Volunteer,23.333333333333336
Peripheral,Volunteer,9.161676646706589
Peripheral,Volunteer,0.3912148249828414
Peripheral,Volunteer,0.4940119760479042
Peripheral,Volunteer,0.15
Peripheral,Volunteer,6.666666666666667
Peripheral,Volunteer,0.3698630136986301
Peripheral,Volunteer,37.5
Peripheral,Volunteer,0.72
Peripheral,Volunteer,2.0
Peripheral,Volunteer,1.327433628318584
Peripheral,Volunteer,1.0714285714285714
Peripheral,Volunteer,0.3707518022657055
Peripheral,Volunteer,0.5075187969924811
Peripheral,Volunteer,0.1585437463300058
Peripheral,Volunteer,0.0510783200908059
Peripheral,Volunteer,60.0
Peripheral,Volunteer,12.857142857142858
Peripheral,Volunteer,0.782967032967033
Peripheral,Volunteer,0.7317073170731707
Peripheral,Volunteer,0.4577464788732394
Peripheral,Volunteer,0.5035971223021583
Peripheral,Volunteer,2.258064516129032
Peripheral,Volunteer,0.8982035928143713
Peripheral,Volunteer,60.0
Peripheral,Volunteer,0.2932193036041539
Peripheral,Volunteer,6.666666666666667
Peripheral,Volunteer,80.0
Peripheral,Volunteer,0.8439897698209718
Peripheral,Volunteer,0.3004291845493562
Peripheral,Volunteer,0.8677685950413223
Peripheral,Volunteer,0.3281853281853282
Peripheral,Volunteer,1.4457831325301205
Peripheral,Volunteer,17.5
Peripheral,Volunteer,0.65625
Peripheral,Volunteer,2.0
Peripheral,Volunteer,1.6507177033492824
Peripheral,Volunteer,2.0
Peripheral,Volunteer,0.0319829424307036
Peripheral,Volunteer,1.5299999999999998
Peripheral,Volunteer,105.0
Peripheral,Volunteer,1.5400410677618068
Peripheral,Volunteer,2.6200873362445414
Peripheral,Volunteer,2.0930232558139537
Peripheral,Volunteer,0.0713153724247226
Peripheral,Volunteer,4.285714285714286
Peripheral,Volunteer,0.0309437854564208
Peripheral,Volunteer,2.8125
Peripheral,Volunteer,2.7272727272727275
Peripheral,Volunteer,0.5965909090909091
Peripheral,Volunteer,3.0
Peripheral,Volunteer,2.7906976744186047
Peripheral,Volunteer,60.0
Peripheral,Volunteer,5.714285714285714
Peripheral,Volunteer,0.631578947368421
Peripheral,Volunteer,7.5
Peripheral,Volunteer,37.5
Peripheral,Volunteer,22.5
Peripheral,Volunteer,2.0
Peripheral,Volunteer,0.5960264900662252
Peripheral,Volunteer,0.3308823529411764
Peripheral,Volunteer,7.767857142857142
Peripheral,Volunteer,0.8223684210526316
Peripheral,Volunteer,0.2240477968633308
Peripheral,Volunteer,0.0872727272727272
Peripheral,Volunteer,0.3138075313807531
Peripheral,Volunteer,5.0
Peripheral,Volunteer,4.424778761061947
Peripheral,Volunteer,0.598404255319149
Peripheral,Volunteer,0.3987730061349693
Peripheral,Volunteer,0.1265822784810126
Peripheral,Volunteer,0.0335758254057078
Peripheral,Volunteer,150.0
Peripheral,Volunteer,6.6
Peripheral,Volunteer,0.2611218568665377
Peripheral,Volunteer,100.0
Peripheral,Volunteer,4.5
Peripheral,Volunteer,35.0
Peripheral,Volunteer,2.7272727272727275
Peripheral,Volunteer,4.852941176470589
Peripheral,Volunteer,50.0
Peripheral,Volunteer,90.0
Peripheral,Volunteer,90.0
Peripheral,Volunteer,0.1453957996768982
Peripheral,Volunteer,2.0
Peripheral,Volunteer,90.0
Peripheral,Volunteer,0.8108108108108107
Peripheral,Volunteer,30.0
Peripheral,Volunteer,0.8333333333333333
Peripheral,Volunteer,2.0
Peripheral,Volunteer,0.0375704445835942
Peripheral,Volunteer,1.7142857142857142
Peripheral,Volunteer,1.0638297872340423
Peripheral,Volunteer,0.0753453327752197
Peripheral,Volunteer,0.1102362204724409
Peripheral,Volunteer,0.7620320855614974
Peripheral,Volunteer,0.1777777777777777
Peripheral,Volunteer,2.430167597765363
Peripheral,Volunteer,15.0
Peripheral,Volunteer,90.0
Peripheral,Volunteer,45.0
Peripheral,Volunteer,8.571428571428571
Peripheral,Volunteer,18.620689655172413
Peripheral,Volunteer,0.28125
Peripheral,Volunteer,30.0
Peripheral,Volunteer,0.5469845722300141
Peripheral,Volunteer,0.4913901721965561
Peripheral,Volunteer,0.8955223880597015
Peripheral,Volunteer,1.2
Peripheral,Volunteer,1.2
Peripheral,Volunteer,1.5957446808510638
Peripheral,Volunteer,2.0
Peripheral,Volunteer,4.285714285714286
Peripheral,Volunteer,2.0
Peripheral,Volunteer,0.1263157894736842
Peripheral,Volunteer,4.0
Peripheral,Volunteer,12.0
Peripheral,Volunteer,0.1329787234042553
Peripheral,Volunteer,2.0
Peripheral,Volunteer,0.4310344827586207
Peripheral,Volunteer,1.1898016997167138
Peripheral,Volunteer,10.0
Peripheral,Volunteer,2.0
Peripheral,Volunteer,15.0
Peripheral,Volunteer,0.7368421052631579
Peripheral,Volunteer,11.25
Peripheral,Volunteer,30.0
Peripheral,Volunteer,0.0237247924080664
Peripheral,Volunteer,12.0
Peripheral,Volunteer,6.666666666666667
Peripheral,Volunteer,30.0
Peripheral,Volunteer,45.0
Peripheral,Volunteer,24.0
Peripheral,Volunteer,10.0
Peripheral,Volunteer,0.1789518534299105
Peripheral,Volunteer,15.0
Peripheral,Volunteer,30.0
Peripheral,Volunteer,2.0
Peripheral,Volunteer,0.0456273764258555
Peripheral,Volunteer,0.3351955307262569
Peripheral,Volunteer,2.926829268292683
Peripheral,Volunteer,2.967032967032967
Peripheral,Volunteer,0.5302624531333691
Peripheral,Volunteer,12.857142857142858
Peripheral,Volunteer,0.2640845070422535
Peripheral,Volunteer,0.3891050583657587
Peripheral,Volunteer,1.6810344827586208
Peripheral,Volunteer,0.1714285714285714
Peripheral,Volunteer,1.4634146341463414
Peripheral,Volunteer,0.8538899430740038
Peripheral,Volunteer,2.0
Peripheral,Volunteer,120.0
Peripheral,Volunteer,0.1036269430051813
Peripheral,Volunteer,8.275862068965518
Peripheral,Volunteer,12.0
Peripheral,Volunteer,0.7410358565737052
Peripheral,Volunteer,0.8153477218225419
Peripheral,Volunteer,50.0
Peripheral,Volunteer,1.4583333333333337
Peripheral,Volunteer,0.0664451827242524
Peripheral,Volunteer,0.8496395468589083
Peripheral,Volunteer,3.877551020408163
Peripheral,Volunteer,2.3529411764705883
Peripheral,Volunteer,0.1636904761904762
Peripheral,Volunteer,40.0
Peripheral,Volunteer,10.714285714285714
Peripheral,Volunteer,0.0956284153005464
Peripheral,Volunteer,0.5357142857142857
Peripheral,Volunteer,0.7121661721068249
Peripheral,Volunteer,9.130434782608695
Peripheral,Volunteer,0.3935674989420228
Peripheral,Volunteer,0.0708661417322834
Peripheral,Volunteer,0.6116642958748222
Peripheral,Volunteer,0.8153078202995008
Peripheral,Volunteer,2.0289855072463765
Peripheral,Volunteer,0.5935251798561151
Peripheral,Volunteer,0.1744186046511628
Peripheral,Volunteer,2.0
Peripheral,Volunteer,4.090909090909091
Peripheral,Volunteer,0.6547619047619048
Peripheral,Volunteer,2.0
Peripheral,Volunteer,0.2985074626865671
Peripheral,Volunteer,30.0
Peripheral,Volunteer,0.2162718846549948
Peripheral,Volunteer,0.5084745762711864
Peripheral,Volunteer,0.8468595624558927
Peripheral,Volunteer,0.054249547920434
Peripheral,Volunteer,90.0
Peripheral,Volunteer,1.0843373493975903
Peripheral,Volunteer,1.2311015118790496
Peripheral,Volunteer,6.9230769230769225
Peripheral,Volunteer,12.5
Peripheral,Volunteer,4.285714285714286
Peripheral,Volunteer,0.101419878296146
Peripheral,Volunteer,6.0
Peripheral,Volunteer,1.3316892725030824
Peripheral,Volunteer,90.0
Peripheral,Volunteer,0.2795031055900621
Peripheral,Volunteer,1.1111111111111112
Peripheral,Volunteer,60.0
Peripheral,Volunteer,2.5
Peripheral,Volunteer,2.0
Peripheral,Volunteer,2.0
Peripheral,Volunteer,2.0
Peripheral,Volunteer,0.1652892561983471
Peripheral,Volunteer,0.4187604690117252
Peripheral,Volunteer,120.0
Peripheral,Volunteer,0.5997392438070404
Peripheral,Volunteer,16.956521739130434
Peripheral,Volunteer,13.846153846153843
Peripheral,Volunteer,1.1940298507462686
Peripheral,Volunteer,13.636363636363637
Peripheral,Volunteer,18.0
Peripheral,Volunteer,3.0
Peripheral,Volunteer,40.0
Peripheral,Volunteer,1.0
Peripheral,Volunteer,60.0
Peripheral,Volunteer,12.0
Peripheral,Volunteer,30.0
Peripheral,Volunteer,0.4251968503937007
Peripheral,Volunteer,0.8298407376362112
Peripheral,Volunteer,0.2631578947368421
Peripheral,Volunteer,2.64344262295082
Peripheral,Volunteer,0.6649282920469362
Peripheral,Volunteer,12.857142857142858
Peripheral,Volunteer,2.4324324324324325
Peripheral,Volunteer,1.7647058823529411
Peripheral,Volunteer,0.0879765395894428
Peripheral,Volunteer,150.0
Peripheral,Volunteer,6.666666666666667
Peripheral,Volunteer,1.1726384364820848
Peripheral,Volunteer,2.8301886792452837
Peripheral,Volunteer,13.5
Peripheral,Volunteer,0.6338028169014085
Peripheral,Volunteer,48.75
Peripheral,Volunteer,0.1591511936339522
Peripheral,Volunteer,12.0
Peripheral,Volunteer,4.545454545454545
Peripheral,Volunteer,45.0
Peripheral,Volunteer,0.0566750629722921
Peripheral,Volunteer,1.0526315789473684
Peripheral,Volunteer,0.5084745762711864
Peripheral,Volunteer,2.0
Peripheral,Volunteer,0.4186046511627906
Peripheral,Volunteer,0.190174326465927
Peripheral,Volunteer,0.6153846153846154
Peripheral,Volunteer,22.5
Peripheral,Volunteer,2.88
Peripheral,Volunteer,30.0
Peripheral,Volunteer,9.0
Peripheral,Volunteer,36.0
Peripheral,Volunteer,7.5
Peripheral,Volunteer,4.508670520231214
Peripheral,Volunteer,4.545454545454545
Peripheral,Volunteer,12.0
Peripheral,Volunteer,30.0
Peripheral,Volunteer,0.1158301158301158
Peripheral,Volunteer,0.1236749116607773
Peripheral,Volunteer,8.91891891891892
Peripheral,Volunteer,0.3402646502835539
Peripheral,Volunteer,90.0
Peripheral,Volunteer,4.736842105263158
Peripheral,Volunteer,0.4702194357366771
Peripheral,Volunteer,4.0540540540540535
Peripheral,Volunteer,1.794871794871795
Peripheral,Volunteer,60.0
Peripheral,Volunteer,0.4819277108433734
Peripheral,Volunteer,1.0714285714285714
Peripheral,Volunteer,18.46153846153846
Peripheral,Volunteer,2.0
Peripheral,Volunteer,0.8108108108108107
Peripheral,Volunteer,2.0
Peripheral,Volunteer,0.5555555555555555
Peripheral,Volunteer,0.8219178082191781
Peripheral,Volunteer,5.294117647058823
Peripheral,Volunteer,1.1320754716981132
Peripheral,Volunteer,60.0
Peripheral,Volunteer,20.0
Peripheral,Volunteer,0.2152080344332855
Peripheral,Volunteer,5.625
Peripheral,Volunteer,180.0
Peripheral,Volunteer,0.2735562310030395
Peripheral,Volunteer,2.0
Peripheral,Volunteer,4.0
Peripheral,Volunteer,5.454545454545455
Peripheral,Volunteer,13.0
Peripheral,Volunteer,11.25
Peripheral,Volunteer,0.2926829268292683
Peripheral,Volunteer,28.235294117647054
Peripheral,Volunteer,0.4010695187165775
Peripheral,Volunteer,2.0
Peripheral,Volunteer,45.0
Peripheral,Volunteer,1.346153846153846
Peripheral,Volunteer,0.9420289855072465
Peripheral,Volunteer,9.0
Peripheral,Volunteer,0.5371900826446281
Peripheral,Volunteer,0.1744186046511628
Peripheral,Volunteer,1.9148936170212767
Peripheral,Volunteer,0.5504587155963303
Peripheral,Volunteer,11.25
Peripheral,Volunteer,0.313588850174216
Peripheral,Volunteer,7.0
Peripheral,Volunteer,60.0
Peripheral,Volunteer,1.2956810631229236
Peripheral,Volunteer,0.0983606557377049
Peripheral,Volunteer,0.100896860986547
Peripheral,Volunteer,0.1648351648351648
Peripheral,Volunteer,1.2720848056537102
Peripheral,Volunteer,1.6216216216216215
Peripheral,Volunteer,1.4028776978417266
Peripheral,Volunteer,10.0
Peripheral,Volunteer,2.0
Peripheral,Volunteer,0.045662100456621
Peripheral,Volunteer,7.5
Peripheral,Volunteer,4.736842105263158
Peripheral,Volunteer,1.213872832369942
Peripheral,Volunteer,0.1472650771388499
Peripheral,Volunteer,0.3346855983772819
Peripheral,Volunteer,30.000000000000004
Peripheral,Volunteer,0.6217616580310881
Peripheral,Volunteer,0.7109004739336493
Peripheral,Volunteer,2.7857142857142856
Peripheral,Volunteer,2.0
Peripheral,Volunteer,45.0
Peripheral,Volunteer,1.8584070796460177
Peripheral,Volunteer,0.2354788069073783
Peripheral,Volunteer,30.0
Peripheral,Volunteer,0.2575957727873184
Peripheral,Volunteer,1.9565217391304344
Peripheral,Volunteer,2.857142857142857
Peripheral,Volunteer,0.1533742331288343
Peripheral,Volunteer,60.0
Peripheral,Volunteer,0.8275862068965518
Peripheral,Volunteer,0.3854389721627409
Peripheral,Volunteer,0.9747292418772564
Peripheral,Volunteer,7.199999999999999
Peripheral,Volunteer,1.1311475409836067
Peripheral,Volunteer,60.0
Peripheral,Volunteer,90.0
Peripheral,Volunteer,0.304054054054054
Peripheral,Volunteer,2.0
Peripheral,Volunteer,0.1907790143084261
Peripheral,Volunteer,120.0
Peripheral,Volunteer,2.0792079207920797
Peripheral,Volunteer,1.6494845360824744
Peripheral,Volunteer,33.75
Peripheral,Volunteer,0.1916932907348242
Peripheral,Volunteer,30.0
Peripheral,Volunteer,0.2843601895734597
Peripheral,Volunteer,0.5642633228840126
Peripheral,Volunteer,3.243243243243243
Peripheral,Volunteer,2.0
Peripheral,Volunteer,0.312267657992565
Peripheral,Volunteer,0.3989361702127659
Peripheral,Volunteer,60.0
Peripheral,Volunteer,0.034416826003824
Peripheral,Volunteer,1.4328358208955223
Peripheral,Volunteer,2.127659574468085
Peripheral,Volunteer,1.2543554006968642
Peripheral,Volunteer,2.0
Peripheral,Volunteer,11.25
Peripheral,Volunteer,3.823529411764706
Peripheral,Volunteer,2.0
Peripheral,Volunteer,1.5254237288135597
Peripheral,Volunteer,0.1060070671378091
Peripheral,Volunteer,2.359550561797753
Peripheral,Volunteer,0.3982300884955752
Peripheral,Volunteer,42.0
Peripheral,Volunteer,60.0
Peripheral,Volunteer,0.1478743068391866
Peripheral,Volunteer,5.0
Peripheral,Volunteer,3.658536585365854
Peripheral,Volunteer,6.666666666666667
Peripheral,Volunteer,30.0
Peripheral,Volunteer,0.2620087336244541
Peripheral,Volunteer,0.0675675675675675
Peripheral,Volunteer,30.0
Peripheral,Volunteer,2.3076923076923075
Peripheral,Volunteer,7.5
Peripheral,Volunteer,0.1092498179169701
Peripheral,Volunteer,6.9230769230769225
Peripheral,Volunteer,0.2683063163778647
Peripheral,Volunteer,23.07692307692308
Peripheral,Volunteer,26.47058823529412
Peripheral,Volunteer,0.8278580814717477
Peripheral,Volunteer,2.0
Peripheral,Volunteer,2.0
Peripheral,Volunteer,14.0
Peripheral,Volunteer,2.4930747922437675
Peripheral,Volunteer,120.0
Peripheral,Volunteer,120.0
Peripheral,Volunteer,0.2045454545454545
Peripheral,Volunteer,2.0
Peripheral,Volunteer,120.0
Peripheral,Volunteer,0.1942795466810577
Peripheral,Volunteer,10.0
Peripheral,Volunteer,0.3353204172876304
Peripheral,Volunteer,40.0
Peripheral,Volunteer,0.5180533751962323
Peripheral,Volunteer,18.947368421052637
Peripheral,Volunteer,0.1875
Peripheral,Volunteer,3.0
Peripheral,Volunteer,0.1764705882352941
Peripheral,Volunteer,7.0588235294117645
Peripheral,Volunteer,7.5
Peripheral,Volunteer,0.1661129568106312
Peripheral,Volunteer,1.6901408450704225
Peripheral,Volunteer,3.055555555555556
Peripheral,Volunteer,0.1877934272300469
Peripheral,Volunteer,75.0
Peripheral,Volunteer,0.4433497536945813
Peripheral,Volunteer,0.2312138728323699
Peripheral,Volunteer,0.5781584582441114
Peripheral,Volunteer,2.0
Peripheral,Volunteer,60.0
Peripheral,Volunteer,0.1785714285714285
Peripheral,Volunteer,0.4301075268817204
Peripheral,Volunteer,18.0
Peripheral,Volunteer,7.826086956521738
Peripheral,Volunteer,1.435897435897436
Peripheral,Volunteer,0.8296164139161463
Peripheral,Volunteer,2.0
Peripheral,Volunteer,3.0
Peripheral,Volunteer,0.8502906976744186
Peripheral,Volunteer,1.973684210526316
Peripheral,Volunteer,2.0
Peripheral,Volunteer,0.1329787234042553
Peripheral,Volunteer,0.4539473684210526
Peripheral,Volunteer,4.0
Peripheral,Volunteer,0.539568345323741
Peripheral,Volunteer,36.0
Peripheral,Volunteer,3.243243243243243
Peripheral,Volunteer,1.981132075471698
Peripheral,Volunteer,50.0
Peripheral,Volunteer,2.0070422535211265
Peripheral,Volunteer,1.2956810631229236
Peripheral,Volunteer,210.0
Peripheral,Volunteer,17.5
Peripheral,Volunteer,15.0
Peripheral,Volunteer,0.6103286384976525
Peripheral,Volunteer,5.625
Peripheral,Volunteer,0.3045685279187817
Peripheral,Volunteer,12.0
Peripheral,Volunteer,0.0436046511627907
Peripheral,Volunteer,0.4938271604938271
Peripheral,Volunteer,0.5128205128205129
Peripheral,Volunteer,1.1177347242921014
Peripheral,Volunteer,10.0
Peripheral,Volunteer,0.9848484848484848
Peripheral,Volunteer,7.7142857142857135
Peripheral,Volunteer,0.7125890736342043
Peripheral,Volunteer,9.23076923076923
Peripheral,Volunteer,2.0
Peripheral,Volunteer,0.8653846153846153
Peripheral,Volunteer,2.307692307692308
Peripheral,Volunteer,0.0902255639097744
Peripheral,Volunteer,0.787292817679558
Peripheral,Volunteer,4.044117647058823
Peripheral,Volunteer,1.4053537284894837
Peripheral,Volunteer,1.811320754716981
Peripheral,Volunteer,15.0
Peripheral,Volunteer,0.6434316353887399
Peripheral,Volunteer,4.047619047619048
Peripheral,Volunteer,0.3383458646616541
Peripheral,Volunteer,45.0
Peripheral,Volunteer,0.4522613065326633
Peripheral,Volunteer,1.5441176470588236
Peripheral,Volunteer,0.1792828685258964
Peripheral,Volunteer,2.34375
Peripheral,Volunteer,4.8
Peripheral,Volunteer,2.0
Peripheral,Volunteer,60.0
Peripheral,Volunteer,9.23076923076923
Peripheral,Volunteer,2.7906976744186047
Peripheral,Volunteer,8.75
Peripheral,Volunteer,2.647058823529412
Peripheral,Volunteer,0.4873646209386282
Peripheral,Volunteer,0.8256880733944953
Peripheral,Volunteer,0.6870229007633588
Peripheral,Volunteer,0.1041666666666666
Peripheral,Volunteer,6.666666666666667
Peripheral,Volunteer,2.441860465116279
Peripheral,Volunteer,0.5128205128205128
Peripheral,Volunteer,0.7258064516129031
Peripheral,Volunteer,5.714285714285714
Peripheral,Volunteer,0.4026845637583892
Peripheral,Volunteer,0.0739523418241577
Peripheral,Volunteer,2.3076923076923075
Peripheral,Volunteer,50.0
Peripheral,Volunteer,0.0482703137570394
Peripheral,Volunteer,9.0
Peripheral,Volunteer,2.0
Peripheral,Volunteer,2.219178082191781
Peripheral,Volunteer,0.617283950617284
Peripheral,Volunteer,4.426229508196721
Peripheral,Volunteer,0.347682119205298
Peripheral,Volunteer,5.454545454545455
Peripheral,Volunteer,1.981132075471698
Peripheral,Volunteer,8.4
Peripheral,Volunteer,6.818181818181818
Peripheral,Volunteer,24.0
Peripheral,Volunteer,0.3419689119170985
Peripheral,Volunteer,12.16216216216216
Peripheral,Volunteer,3.4011627906976742
Peripheral,Volunteer,3.050847457627119
Peripheral,Volunteer,45.0
Peripheral,Volunteer,30.0
Peripheral,Volunteer,7.297297297297297
Peripheral,Volunteer,1.8703241895261844
Peripheral,Volunteer,1.6216216216216215
Peripheral,Volunteer,4.0
Peripheral,Volunteer,5.2631578947368425
Peripheral,Volunteer,3.1168831168831166
Peripheral,Volunteer,10.0
Peripheral,Volunteer,1.3333333333333333
Peripheral,Volunteer,9.375
Peripheral,Volunteer,30.0
Peripheral,Volunteer,15.0
Peripheral,Volunteer,2.0
Peripheral,Volunteer,0.5150214592274678
Peripheral,Volunteer,30.81081081081081
Peripheral,Volunteer,3.888888888888889
Peripheral,Volunteer,2.0454545454545454
Peripheral,Volunteer,0.1648351648351648
Peripheral,Volunteer,0.1599526066350711
Peripheral,Volunteer,0.2981366459627329
Peripheral,Volunteer,1.5399239543726235
Peripheral,Volunteer,2.0
Peripheral,Volunteer,30.0
Peripheral,Volunteer,0.1732101616628175
Peripheral,Volunteer,1.2949640287769784
Peripheral,Volunteer,60.0
Peripheral,Volunteer,2.0
Peripheral,Volunteer,150.0
Peripheral,Volunteer,0.3173076923076923
Peripheral,Volunteer,2.0
Peripheral,Volunteer,7.5
Peripheral,Volunteer,2.0
Peripheral,Volunteer,0.0368098159509202
Peripheral,Volunteer,0.631578947368421
Peripheral,Volunteer,2.0
Peripheral,Volunteer,0.3157894736842105
Peripheral,Volunteer,1.3194444444444444
Peripheral,Volunteer,3.0
Peripheral,Volunteer,0.0854214123006833
Peripheral,Volunteer,2.0
Peripheral,Volunteer,0.1515151515151515
Peripheral,Volunteer,7.5
Peripheral,Volunteer,0.244299674267101
Peripheral,Volunteer,0.3365384615384615
Peripheral,Volunteer,1.6304347826086956
Peripheral,Volunteer,0.2180685358255451
Peripheral,Volunteer,60.0
Peripheral,Volunteer,2.0
Peripheral,Volunteer,21.428571428571427
Peripheral,Volunteer,5.74468085106383
Peripheral,Volunteer,23.57142857142857
Peripheral,Volunteer,8.571428571428571
Peripheral,Volunteer,15.0
Peripheral,Volunteer,20.0
Peripheral,Volunteer,3.0
Peripheral,Volunteer,60.0
Peripheral,Volunteer,8.571428571428571
Peripheral,Volunteer,10.769230769230768
Peripheral,Volunteer,20.0
Peripheral,Volunteer,1.7142857142857144
Peripheral,Volunteer,90.0
Peripheral,Volunteer,0.1366742596810934
Peripheral,Volunteer,2.0
Peripheral,Volunteer,9.917355371900827
Peripheral,Volunteer,90.0
Peripheral,Volunteer,0.2211796246648793
Peripheral,Volunteer,2.0
Peripheral,Volunteer,2.0
Peripheral,Volunteer,11.428571428571429
Peripheral,Volunteer,2.0
Peripheral,Volunteer,10.588235294117649
Peripheral,Volunteer,0.5022831050228311
Peripheral,Volunteer,0.1257334450963956
Peripheral,Volunteer,2.034782608695652
Peripheral,Volunteer,60.0
Peripheral,Volunteer,3.1578947368421053
Peripheral,Volunteer,5.675675675675675
Peripheral,Volunteer,30.0
Peripheral,Volunteer,0.819672131147541
Peripheral,Volunteer,0.5030487804878049
Peripheral,Volunteer,2.414860681114551
Peripheral,Volunteer,0.1627780792186652
Peripheral,Volunteer,1.9444444444444444
Peripheral,Volunteer,4.375
Peripheral,Volunteer,0.9677419354838708
Peripheral,Volunteer,7.5
Peripheral,Volunteer,3.979591836734694
Peripheral,Volunteer,15.0
Peripheral,Volunteer,14.347826086956522
Peripheral,Volunteer,2.0
Peripheral,Volunteer,2.0
Peripheral,Volunteer,0.0480384307445956
Peripheral,Volunteer,2.307692307692308
Peripheral,Volunteer,0.2199816681943171
Peripheral,Volunteer,22.5
Peripheral,Volunteer,18.0
Peripheral,Volunteer,3.571428571428572
Peripheral,Volunteer,4.52054794520548
Peripheral,Volunteer,0.2427511800404585
Peripheral,Volunteer,4.090909090909091
Peripheral,Volunteer,23.33333333333333
Peripheral,Volunteer,16.153846153846153
Peripheral,Volunteer,60.0
Peripheral,Volunteer,0.119205298013245
Peripheral,Volunteer,9.72972972972973
Peripheral,Volunteer,1.4018691588785046
Peripheral,Volunteer,9.375
Peripheral,Volunteer,0.1593625498007968
Peripheral,Volunteer,0.8653846153846153
Peripheral,Volunteer,20.0
Peripheral,Volunteer,0.8780487804878049
Peripheral,Volunteer,20.454545454545457
Peripheral,Volunteer,2.021276595744681
Peripheral,Volunteer,0.1247401247401247
Peripheral,Volunteer,14.0
Peripheral,Volunteer,0.8188585607940446
Peripheral,Volunteer,60.0
Peripheral,Volunteer,0.5454545454545455
Peripheral,Volunteer,0.0489795918367346
Peripheral,Volunteer,0.12
Peripheral,Volunteer,0.5276381909547738
Peripheral,Volunteer,0.7058823529411765
Peripheral,Volunteer,30.0
Peripheral,Volunteer,34.285714285714285
Peripheral,Volunteer,3.0
Peripheral,Volunteer,60.0
Peripheral,Volunteer,0.064034151547492
Peripheral,Volunteer,1.0698027314112293
Peripheral,Volunteer,0.352112676056338
Peripheral,Volunteer,4.125
Peripheral,Volunteer,1.135135135135135
Peripheral,Volunteer,0.0952380952380952
Peripheral,Volunteer,0.6408544726301736
Peripheral,Volunteer,0.7475622968580715
Peripheral,Volunteer,0.5217391304347826
Peripheral,Volunteer,33.63636363636363
Peripheral,Volunteer,2.8125
Peripheral,Volunteer,2.136498516320475
Peripheral,Volunteer,0.4469763365468887
Peripheral,Volunteer,0.1948051948051948
Peripheral,Volunteer,0.1201201201201201
Peripheral,Volunteer,12.0
Peripheral,Volunteer,0.0804289544235924
Peripheral,Volunteer,3.0
Peripheral,Volunteer,1.7288135593220335
Peripheral,Volunteer,3.0
Peripheral,Volunteer,0.152027027027027
Peripheral,Volunteer,15.0
Peripheral,Volunteer,7.0
Peripheral,Volunteer,30.0
Peripheral,Volunteer,8.571428571428571
Peripheral,Volunteer,2.0
Peripheral,Volunteer,0.3813559322033898
Peripheral,Volunteer,21.0
Peripheral,Volunteer,2.0
Peripheral,Volunteer,2.6294820717131477
Peripheral,Volunteer,0.783744557329463
Peripheral,Volunteer,90.0
Peripheral,Volunteer,0.330188679245283
Peripheral,Volunteer,11.25
Peripheral,Volunteer,0.2371541501976284
Peripheral,Volunteer,3.681818181818182
Peripheral,Volunteer,120.0
Peripheral,Volunteer,60.0
Peripheral,Volunteer,0.7969639468690702
Peripheral,Volunteer,18.26086956521739
Peripheral,Volunteer,2.3076923076923075
Peripheral,Volunteer,2.0
Peripheral,Volunteer,0.2307692307692307
Peripheral,Volunteer,0.326975476839237
Peripheral,Volunteer,26.25
Peripheral,Volunteer,0.2193784277879341
Peripheral,Volunteer,2.0
Peripheral,Volunteer,4.285714285714286
Peripheral,Volunteer,2.0
Peripheral,Volunteer,3.6
Peripheral,Volunteer,0.2608695652173913
Peripheral,Volunteer,7.297297297297297
Peripheral,Volunteer,0.5772495755517827
Peripheral,Volunteer,2.0
Peripheral,Volunteer,2.571428571428571
Peripheral,Volunteer,0.7228915662650602
Peripheral,Volunteer,5.113636363636363
Peripheral,Volunteer,1.3761467889908257
Peripheral,Volunteer,120.0
Peripheral,Volunteer,8.0
Peripheral,Volunteer,2.0
Peripheral,Volunteer,20.0
Peripheral,Volunteer,60.0
Peripheral,Volunteer,180.0
Peripheral,Volunteer,0.8811188811188811
Peripheral,Volunteer,2.0
Peripheral,Volunteer,0.4854368932038834
Peripheral,Volunteer,1.5566037735849056
Peripheral,Volunteer,30.0
Peripheral,Volunteer,0.5227882037533512
Peripheral,Volunteer,0.2033898305084746
Peripheral,Volunteer,15.0
Peripheral,Volunteer,6.0
Peripheral,Volunteer,36.66666666666667
Peripheral,Volunteer,9.0
Peripheral,Volunteer,2.0
Peripheral,Volunteer,0.2272727272727272
Peripheral,Volunteer,2.0
Peripheral,Volunteer,60.0
Peripheral,Volunteer,20.0
Peripheral,Volunteer,16.875
Peripheral,Volunteer,0.8853575482406356
Peripheral,Volunteer,1.5472779369627507
Peripheral,Volunteer,0.8910891089108911
Peripheral,Volunteer,0.4540358744394618
Peripheral,Volunteer,2.0
Peripheral,Volunteer,2.0
Peripheral,Volunteer,0.5103550295857988
Peripheral,Volunteer,1.291866028708134
Peripheral,Volunteer,12.857142857142858
Peripheral,Volunteer,82.5
Peripheral,Volunteer,20.0
Peripheral,Volunteer,6.73469387755102
Peripheral,Volunteer,2.2594142259414225
Peripheral,Volunteer,2.0
Peripheral,Volunteer,0.782608695652174
Peripheral,Volunteer,1.9626168224299063
Peripheral,Volunteer,2.0
Peripheral,Volunteer,0.3640375068946497
Peripheral,Volunteer,0.2094972067039106
Peripheral,Volunteer,20.0
Peripheral,Volunteer,1.4285714285714284
Peripheral,Volunteer,36.0
Peripheral,Volunteer,4.864864864864865
Peripheral,Volunteer,3.0
Peripheral,Volunteer,0.6936416184971098
Peripheral,Volunteer,2.0
Peripheral,Volunteer,5.0
Peripheral,Volunteer,8.571428571428571
Peripheral,Volunteer,0.4878048780487805
Peripheral,Volunteer,230.0
Peripheral,Volunteer,0.0599400599400599
Peripheral,Volunteer,60.0
Peripheral,Volunteer,0.6315789473684211
Peripheral,Volunteer,17.142857142857142
Peripheral,Volunteer,0.3264812575574365
Peripheral,Volunteer,2.0
Peripheral,Volunteer,20.0
Peripheral,Volunteer,10.714285714285714
Peripheral,Volunteer,15.0
Peripheral,Volunteer,15.0
Peripheral,Volunteer,150.0
Peripheral,Volunteer,0.1986754966887417
Peripheral,Volunteer,30.0
Peripheral,Volunteer,0.4526748971193415
Peripheral,Volunteer,0.2986725663716814
Peripheral,Volunteer,0.6451612903225806
Peripheral,Volunteer,45.0
Peripheral,Volunteer,20.0
Peripheral,Volunteer,0.9677419354838708
Peripheral,Volunteer,30.0
Peripheral,Volunteer,0.3157894736842105
Peripheral,Volunteer,90.0
Peripheral,Volunteer,2.0
Peripheral,Volunteer,0.5758157389635317
Peripheral,Volunteer,0.1466992665036675
Peripheral,Volunteer,30.0
Peripheral,Volunteer,0.5034550839091807
Peripheral,Volunteer,0.3571428571428571
Peripheral,Volunteer,0.1651754989676531
Peripheral,Volunteer,13.076923076923077
Peripheral,Volunteer,8.571428571428571
Peripheral,Volunteer,0.1417322834645669
Peripheral,Volunteer,0.1672579827673593
Peripheral,Volunteer,0.8333333333333333
Peripheral,Volunteer,0.1071428571428571
Peripheral,Volunteer,0.2538071065989847
Peripheral,Volunteer,2.0
Peripheral,Volunteer,0.2311248073959938
Peripheral,Volunteer,2.9104477611940296
Peripheral,Volunteer,0.2513089005235602
Peripheral,Volunteer,0.130057803468208
Peripheral,Volunteer,20.0
Peripheral,Volunteer,0.1133501259445843
Peripheral,Volunteer,150.0
Peripheral,Volunteer,2.0
Peripheral,Volunteer,0.0975081256771397
Peripheral,Volunteer,7.199999999999999
Peripheral,Volunteer,0.703125
Peripheral,Volunteer,0.3010033444816054
Peripheral,Volunteer,1.2830957230142566
Peripheral,Volunteer,0.4043126684636118
Peripheral,Volunteer,5.915492957746479
Peripheral,Volunteer,2.0
Peripheral,Volunteer,0.6912442396313364
Peripheral,Volunteer,0.1150895140664961
Peripheral,Volunteer,2.307692307692308
Peripheral,Volunteer,7.0588235294117645
Peripheral,Volunteer,0.1306620209059233
Peripheral,Volunteer,0.0719424460431654
Peripheral,Volunteer,15.0
Peripheral,Volunteer,0.5454545454545455
Peripheral,Volunteer,8.571428571428571
Peripheral,Volunteer,0.2194148936170212
Peripheral,Volunteer,30.0
Peripheral,Volunteer,0.8172531214528944
Peripheral,Volunteer,60.0
Peripheral,Volunteer,2.6666666666666665
Peripheral,Volunteer,2.0
Peripheral,Volunteer,49.09090909090909
Peripheral,Volunteer,2.0
Peripheral,Volunteer,45.0
Peripheral,Volunteer,4.0
Peripheral,Volunteer,0.9926470588235294
Peripheral,Volunteer,0.5687203791469194
Peripheral,Volunteer,0.4480796586059744
Peripheral,Volunteer,0.1759530791788856
Peripheral,Volunteer,0.2044293015332197
Peripheral,Volunteer,11.25
Peripheral,Volunteer,12.0
Peripheral,Volunteer,0.7191780821917809
Peripheral,Volunteer,1.7045454545454546
Peripheral,Volunteer,0.4511278195488721
Peripheral,Volunteer,5.0
Peripheral,Volunteer,0.4195804195804196
Peripheral,Volunteer,1.2765957446808511
Peripheral,Volunteer,0.3157894736842105
Peripheral,Volunteer,6.61764705882353
Peripheral,Volunteer,18.0
Peripheral,Volunteer,1.0047846889952152
Peripheral,Volunteer,1.4516129032258065
Peripheral,Volunteer,2.0
Peripheral,Volunteer,60.0
Peripheral,Volunteer,1.05
Peripheral,Volunteer,19.354838709677416
Peripheral,Volunteer,20.0
Peripheral,Volunteer,3.488372093023256
Peripheral,Volunteer,0.2785145888594164
Peripheral,Volunteer,0.2080924855491329
Peripheral,Volunteer,17.142857142857142
Peripheral,Volunteer,0.3225806451612903
Peripheral,Volunteer,60.0
Peripheral,Volunteer,6.428571428571429
Peripheral,Volunteer,2.0
Peripheral,Volunteer,0.1081081081081081
Peripheral,Volunteer,30.0
Peripheral,Volunteer,0.1345291479820627
Peripheral,Volunteer,1.080817916260954
Peripheral,Volunteer,4.5
Peripheral,Volunteer,9.0
Peripheral,Volunteer,0.2639296187683284
Peripheral,Volunteer,3.333333333333333
Peripheral,Volunteer,2.692307692307692
Peripheral,Volunteer,5.625
Peripheral,Volunteer,30.0
Peripheral,Volunteer,0.96
Peripheral,Volunteer,0.4658385093167702
Peripheral,Volunteer,2.0
Peripheral,Volunteer,8.571428571428571
Peripheral,Volunteer,5.607476635514018
Peripheral,Volunteer,30.0
Peripheral,Volunteer,2.0
Peripheral,Volunteer,0.2629016553067186
Peripheral,Volunteer,1.2747875354107647
Peripheral,Volunteer,1.0887096774193548
Peripheral,Volunteer,2.0
Peripheral,Volunteer,30.0
Peripheral,Volunteer,5.0
Peripheral,Volunteer,2.0
Peripheral,Volunteer,1.4501510574018126
Peripheral,Volunteer,8.571428571428571
Peripheral,Volunteer,1.818181818181818
Peripheral,Volunteer,0.0722021660649819
Peripheral,Volunteer,4.090909090909091
Peripheral,Volunteer,60.0
Peripheral,Volunteer,0.3839122486288848
Peripheral,Volunteer,0.4477611940298507
Peripheral,Volunteer,0.2670623145400593
Peripheral,Volunteer,7.5
Peripheral,Volunteer,1.7647058823529411
Peripheral,Volunteer,2.0
Peripheral,Volunteer,3.0
Peripheral,Volunteer,0.2961918194640338
Peripheral,Volunteer,0.2521008403361344
Peripheral,Volunteer,3.0
Peripheral,Volunteer,0.2732240437158469
Peripheral,Volunteer,0.3409090909090909
Peripheral,Volunteer,4.180327868852459
Peripheral,Volunteer,0.217391304347826
Peripheral,Volunteer,30.0
Peripheral,Volunteer,2.0
Peripheral,Volunteer,300.0
Peripheral,Volunteer,1.348314606741573
Peripheral,Volunteer,1.69811320754717
Peripheral,Volunteer,2.0
Peripheral,Volunteer,15.0
Peripheral,Volunteer,0.4240282685512367
Peripheral,Volunteer,0.1791044776119403
Peripheral,Volunteer,0.6885245901639344
Peripheral,Volunteer,2.121212121212121
Peripheral,Volunteer,0.351288056206089
Peripheral,Volunteer,2.215088282504013
Peripheral,Volunteer,0.2845100105374078
Peripheral,Volunteer,1.475409836065574
Peripheral,Volunteer,2.0
Peripheral,Volunteer,1.9672131147540983
Peripheral,Volunteer,60.0
Peripheral,Volunteer,0.8737864077669903
Peripheral,Volunteer,4.137931034482759
Peripheral,Volunteer,3.333333333333333
Peripheral,Volunteer,0.1435406698564593
Peripheral,Volunteer,10.0
Peripheral,Volunteer,20.0
Peripheral,Volunteer,90.0
Peripheral,Volunteer,45.0
Peripheral,Volunteer,0.7068062827225131
Peripheral,Volunteer,0.1388888888888888
Peripheral,Volunteer,14.819277108433734
Peripheral,Volunteer,2.0
Peripheral,Volunteer,0.515970515970516
Peripheral,Volunteer,2.0
Peripheral,Volunteer,0.4709576138147566
Peripheral,Volunteer,60.0
Peripheral,Volunteer,0.1803607214428857
Peripheral,Volunteer,90.0
Peripheral,Volunteer,0.101010101010101
Peripheral,Volunteer,75.0
Peripheral,Volunteer,6.0
Peripheral,Volunteer,3.375
Peripheral,Volunteer,150.0
Peripheral,Volunteer,60.0
Peripheral,Volunteer,50.0
Peripheral,Volunteer,0.6956521739130435
Peripheral,Volunteer,2.0
Peripheral,Volunteer,12.0
Peripheral,Volunteer,10.0
Peripheral,Volunteer,0.356234096692112
Peripheral,Volunteer,2.0
Peripheral,Volunteer,2.0
Peripheral,Volunteer,0.4545454545454546
Peripheral,Volunteer,0.5172413793103449
Peripheral,Volunteer,60.0
Peripheral,Volunteer,11.25
Peripheral,Volunteer,6.0
Peripheral,Volunteer,0.4623287671232877
Peripheral,Volunteer,8.571428571428571
Peripheral,Volunteer,8.571428571428571
Peripheral,Volunteer,6.27906976744186
Peripheral,Volunteer,2.32
Peripheral,Volunteer,30.0
Peripheral,Volunteer,60.0
Peripheral,Volunteer,30.0
Peripheral,Volunteer,0.5660377358490566
Peripheral,Volunteer,12.0
Peripheral,Volunteer,6.0
Peripheral,Volunteer,0.6870229007633588
Peripheral,Volunteer,22.5
Peripheral,Volunteer,5.714285714285714
Peripheral,Volunteer,6.9230769230769225
Peripheral,Volunteer,2.0
Peripheral,Volunteer,6.551724137931035
Peripheral,Volunteer,0.6369426751592357
Peripheral,Volunteer,6.0
Peripheral,Volunteer,3.5294117647058822
Peripheral,Volunteer,120.0
Peripheral,Volunteer,15.0
Peripheral,Volunteer,6.0
Peripheral,Volunteer,0.4585152838427947
Peripheral,Volunteer,9.23076923076923
Peripheral,Volunteer,13.125
Peripheral,Volunteer,22.5
Peripheral,Volunteer,24.0
Peripheral,Volunteer,60.0
Peripheral,Volunteer,6.0
Peripheral,Volunteer,9.0
Peripheral,Volunteer,20.0
Peripheral,Volunteer,18.0
Peripheral,Volunteer,60.0
Peripheral,Volunteer,0.6936416184971098
Peripheral,Volunteer,60.0
Peripheral,Volunteer,1.067193675889328
Peripheral,Volunteer,30.0
Peripheral,Volunteer,60.0
Peripheral,Volunteer,180.0
Peripheral,Volunteer,45.0
Peripheral,Volunteer,90.0
Peripheral,Volunteer,2.0
Peripheral,Volunteer,1.5789473684210529
Peripheral,Volunteer,0.4724409448818898
Peripheral,Volunteer,1.1111111111111112
Peripheral,Volunteer,0.1863354037267081
Peripheral,Volunteer,45.0
Peripheral,Volunteer,2.0
Peripheral,Volunteer,60.0
Peripheral,Volunteer,30.0
Peripheral,Volunteer,6.428571428571429
Peripheral,Volunteer,0.2127659574468085
Peripheral,Volunteer,1.0714285714285714
Peripheral,Volunteer,30.0
Peripheral,Volunteer,0.1342882721575649
Peripheral,Volunteer,0.8219178082191781
Peripheral,Volunteer,3.0769230769230766
Peripheral,Volunteer,20.0
Peripheral,Volunteer,3.2142857142857144
Peripheral,Volunteer,0.1851851851851852
Peripheral,Volunteer,0.2406417112299465
Peripheral,Volunteer,0.396039603960396
Peripheral,Volunteer,5.769230769230769
Peripheral,Volunteer,0.3355704697986577
Peripheral,Volunteer,3.75
Peripheral,Volunteer,60.0
Peripheral,Volunteer,120.0
Peripheral,Volunteer,1.875
Peripheral,Volunteer,40.0
Peripheral,Volunteer,3.333333333333333
Peripheral,Volunteer,1.019417475728155
Peripheral,Volunteer,2.608695652173913
Peripheral,Volunteer,0.2281368821292775
Peripheral,Volunteer,2.0
Peripheral,Volunteer,20.0
Peripheral,Volunteer,0.984375
Peripheral,Volunteer,0.9391304347826086
Peripheral,Volunteer,0.2316602316602316
Peripheral,Volunteer,60.0
Peripheral,Volunteer,1.160220994475138
Peripheral,Volunteer,0.9523809523809524
Peripheral,Volunteer,0.4285714285714285
Peripheral,Volunteer,2.0
Peripheral,Volunteer,2.0
Peripheral,Volunteer,0.2710843373493976
Peripheral,Volunteer,3.913043478260869
Peripheral,Volunteer,75.0
Peripheral,Volunteer,0.5981112277019938
Peripheral,Volunteer,2.608695652173913
Peripheral,Volunteer,0.0925925925925926
Peripheral,Volunteer,0.1829268292682926
Peripheral,Volunteer,6.521739130434782
Peripheral,Volunteer,0.4878048780487805
Peripheral,Volunteer,1.3636363636363638
Peripheral,Volunteer,2.857142857142857
Peripheral,Volunteer,60.0
Peripheral,Volunteer,150.0
Peripheral,Volunteer,4.736842105263158
Peripheral,Volunteer,1.0
Peripheral,Volunteer,21.0
Peripheral,Volunteer,60.0
Peripheral,Volunteer,1.3605442176870748
Peripheral,Volunteer,1.791044776119403
Peripheral,Volunteer,3.061224489795918
Peripheral,Volunteer,0.3658536585365853
Peripheral,Volunteer,9.473684210526317
Peripheral,Volunteer,1.0
Peripheral,Volunteer,0.1557430240103828
Peripheral,Volunteer,2.0
Peripheral,Volunteer,3.636363636363636
Peripheral,Volunteer,8.571428571428571
Peripheral,Volunteer,2.0
Peripheral,Volunteer,0.6783144912641316
Peripheral,Volunteer,0.1714285714285714
Peripheral,Volunteer,0.138568129330254
Peripheral,Volunteer,1.1704312114989732
Peripheral,Volunteer,9.23076923076923
Peripheral,Volunteer,3.0
Peripheral,Volunteer,60.0
Peripheral,Volunteer,0.8982035928143713
Peripheral,Volunteer,1.0714285714285714
Peripheral,Volunteer,2.0
Peripheral,Volunteer,1.2328767123287672
Peripheral,Volunteer,2.9052631578947365
Peripheral,Volunteer,10.0
Peripheral,Volunteer,25.0
Peripheral,Volunteer,2.0
Peripheral,Volunteer,0.5806451612903225
Peripheral,Volunteer,120.0
Peripheral,Volunteer,0.5551883674818242
Peripheral,Volunteer,37.5
Peripheral,Volunteer,2.0
Peripheral,Volunteer,150.0
Peripheral,Volunteer,60.0
Peripheral,Volunteer,7.727272727272727
Peripheral,Volunteer,120.0
Peripheral,Volunteer,0.870712401055409
Peripheral,Volunteer,7.317073170731708
Peripheral,Volunteer,1.3043478260869563
Peripheral,Volunteer,30.0
Peripheral,Volunteer,2.0
Peripheral,Volunteer,4.285714285714286
Peripheral,Volunteer,0.33271719038817
Peripheral,Volunteer,0.9803921568627452
Peripheral,Volunteer,120.0
Peripheral,Volunteer,60.0
Peripheral,Volunteer,1.4723926380368098
Peripheral,Volunteer,11.25
Peripheral,Volunteer,20.0
Peripheral,Volunteer,2.2058823529411766
Peripheral,Volunteer,1.4093959731543624
Peripheral,Volunteer,0.96
Peripheral,Volunteer,6.666666666666666
Peripheral,Volunteer,9.677419354838708
Peripheral,Volunteer,9.23076923076923
Peripheral,Volunteer,6.363636363636363
Peripheral,Volunteer,0.4556962025316456
Peripheral,Volunteer,1.3987138263665595
Peripheral,Volunteer,60.0
Peripheral,Volunteer,1.3636363636363635
Peripheral,Volunteer,15.0
Peripheral,Volunteer,5.294117647058823
Peripheral,Volunteer,8.823529411764707
Peripheral,Volunteer,0.6233766233766234
Peripheral,Volunteer,3.0
Peripheral,Volunteer,5.735294117647059
Peripheral,Volunteer,1.5561959654178674
Peripheral,Volunteer,16.666666666666668
Peripheral,Volunteer,8.571428571428571
Peripheral,Volunteer,60.0
Peripheral,Volunteer,2.0
Peripheral,Volunteer,0.9022556390977444
Peripheral,Volunteer,15.0
Peripheral,Volunteer,0.189873417721519
Peripheral,Volunteer,2.716535433070866
Peripheral,Volunteer,9.0
Peripheral,Volunteer,0.2459016393442623
Peripheral,Volunteer,4.675324675324675
Peripheral,Volunteer,150.0
Peripheral,Volunteer,30.0
Peripheral,Volunteer,40.0
Peripheral,Volunteer,0.4310344827586207
Peripheral,Volunteer,4.324324324324324
Peripheral,Volunteer,2.954545454545454
Peripheral,Volunteer,7.5
Peripheral,Volunteer,0.5128205128205129
Peripheral,Volunteer,0.2580645161290322
Peripheral,Volunteer,4.468085106382978
Peripheral,Volunteer,40.0
Peripheral,Volunteer,3.947368421052632
Peripheral,Volunteer,60.0
Peripheral,Volunteer,3.2142857142857144
Peripheral,Volunteer,8.571428571428571
Peripheral,Volunteer,6.61764705882353
Peripheral,Volunteer,7.5
Peripheral,Volunteer,2.0
Peripheral,Volunteer,0.2923976608187134
Peripheral,Volunteer,1.855670103092784
Peripheral,Volunteer,0.347682119205298
Peripheral,Volunteer,60.0
Peripheral,Volunteer,30.0
Peripheral,Volunteer,2.0
Peripheral,Volunteer,8.181818181818182
Peripheral,Volunteer,2.038327526132404
Peripheral,Volunteer,3.0
Peripheral,Volunteer,0.9278350515463918
Peripheral,Volunteer,15.0
Peripheral,Volunteer,2.25
Peripheral,Volunteer,1.6883116883116882
Peripheral,Volunteer,12.857142857142858
Peripheral,Volunteer,0.5172413793103449
Peripheral,Volunteer,0.851063829787234
Peripheral,Volunteer,30.0
Peripheral,Volunteer,4.5
Peripheral,Volunteer,11.052631578947368
Peripheral,Volunteer,16.0
Peripheral,Volunteer,67.5
Peripheral,Volunteer,0.1910828025477706
Peripheral,Volunteer,3.0
Peripheral,Volunteer,6.9230769230769225
Peripheral,Volunteer,60.0
Peripheral,Volunteer,2.0
Peripheral,Volunteer,60.0
Peripheral,Volunteer,0.3602058319039451
Peripheral,Volunteer,2.0
Peripheral,Volunteer,0.303030303030303
Peripheral,Volunteer,12.413793103448276
Peripheral,Volunteer,0.4511278195488721
Peripheral,Volunteer,37.5
Peripheral,Volunteer,6.176470588235294
Peripheral,Volunteer,90.0
Peripheral,Volunteer,14.4
Peripheral,Volunteer,6.0
Peripheral,Volunteer,30.0
Peripheral,Volunteer,18.0
Peripheral,Volunteer,2.0
Peripheral,Volunteer,1.0714285714285714
Peripheral,Volunteer,0.625
Peripheral,Volunteer,0.2686567164179104
Peripheral,Volunteer,240.0
Peripheral,Volunteer,0.9875640087783468
Peripheral,Volunteer,0.4746835443037975
Peripheral,Volunteer,3.25
Peripheral,Volunteer,2.5301204819277108
Peripheral,Volunteer,6.666666666666667
Peripheral,Volunteer,2.0
Peripheral,Volunteer,2.0930232558139537
Peripheral,Volunteer,0.4545454545454545
Peripheral,Volunteer,2.083333333333333
Peripheral,Volunteer,2.0338983050847457
Peripheral,Volunteer,8.571428571428571
Peripheral,Volunteer,0.1056338028169014
Peripheral,Volunteer,1.7475728155339807
Peripheral,Volunteer,90.0
Peripheral,Volunteer,1.048951048951049
Peripheral,Volunteer,3.461538461538461
Peripheral,Volunteer,2.0
Peripheral,Volunteer,90.0
Peripheral,Volunteer,6.0
Peripheral,Volunteer,130.0
Peripheral,Volunteer,60.0
Peripheral,Volunteer,0.8042895442359249
Peripheral,Volunteer,270.0
Peripheral,Volunteer,3.6
Peripheral,Volunteer,1.4545454545454546
Peripheral,Volunteer,5.454545454545455
Peripheral,Volunteer,2.0
Peripheral,Volunteer,30.0
Peripheral,Volunteer,8.571428571428571
Peripheral,Volunteer,60.0
Peripheral,Volunteer,0.1666666666666666
Peripheral,Volunteer,20.0
Peripheral,Volunteer,0.8450704225352113
Peripheral,Volunteer,2.019230769230769
Peripheral,Volunteer,2.142857142857143
Peripheral,Volunteer,0.2390438247011952
Peripheral,Volunteer,25.0
Peripheral,Volunteer,2.0
Peripheral,Volunteer,0.9292035398230089
Peripheral,Volunteer,0.3133159268929503
Peripheral,Volunteer,0.4285714285714285
Peripheral,Volunteer,3.4482758620689657
Peripheral,Volunteer,2.0
Peripheral,Volunteer,0.578512396694215
Peripheral,Volunteer,4.615384615384615
Peripheral,Volunteer,13.636363636363637
Peripheral,Volunteer,0.6147540983606558
Peripheral,Volunteer,45.0
Peripheral,Volunteer,17.36842105263158
Peripheral,Volunteer,0.1775147928994082
Peripheral,Volunteer,90.0
Peripheral,Volunteer,120.0
Peripheral,Volunteer,6.25
Peripheral,Volunteer,0.6185567010309277
Peripheral,Volunteer,30.0
Peripheral,Volunteer,4.0
Peripheral,Volunteer,2.142857142857143
Peripheral,Volunteer,1.5384615384615383
Peripheral,Volunteer,2.0
Peripheral,Volunteer,3.0
Peripheral,Volunteer,2.0
Peripheral,Volunteer,0.4444444444444444
Peripheral,Volunteer,2.0454545454545454
Peripheral,Volunteer,90.0
Peripheral,Volunteer,3.0
Peripheral,Volunteer,0.6360424028268551
Peripheral,Volunteer,60.0
Peripheral,Volunteer,0.5921052631578948
Peripheral,Volunteer,0.8571428571428572
Peripheral,Volunteer,0.4072398190045249
Peripheral,Volunteer,1.25
Peripheral,Volunteer,12.857142857142858
Peripheral,Volunteer,0.313588850174216
Peripheral,Volunteer,1.9148936170212767
Peripheral,Volunteer,60.0
Peripheral,Volunteer,8.181818181818182
Peripheral,Volunteer,90.0
Peripheral,Volunteer,2.0
Peripheral,Volunteer,60.0
Peripheral,Volunteer,90.0
Peripheral,Volunteer,2.0
Peripheral,Volunteer,90.0
Peripheral,Volunteer,0.9593023255813954
Peripheral,Volunteer,4.0
Peripheral,Volunteer,3.0
Peripheral,Volunteer,18.46153846153846
Peripheral,Volunteer,0.3763440860215054
Peripheral,Volunteer,90.0
Peripheral,Volunteer,2.595419847328244
Peripheral,Volunteer,30.0
Peripheral,Volunteer,4.333333333333333
Peripheral,Volunteer,2.0
Peripheral,Volunteer,0.5769230769230769
Peripheral,Volunteer,12.923076923076923
Peripheral,Volunteer,0.2922077922077922
Peripheral,Volunteer,2.0
Peripheral,Volunteer,22.94117647058824
Peripheral,Volunteer,2.0
Peripheral,Volunteer,0.3018108651911468
Peripheral,Volunteer,30.0
Peripheral,Volunteer,0.9152542372881356
Peripheral,Volunteer,2.0
Peripheral,Volunteer,2.0
Peripheral,Volunteer,60.0
Peripheral,Volunteer,0.3785488958990536
Peripheral,Volunteer,2.0
Peripheral,Volunteer,6.0
Peripheral,Volunteer,19.285714285714285
Peripheral,Volunteer,30.0
Peripheral,Volunteer,37.5
Peripheral,Volunteer,2.9032258064516125
Peripheral,Volunteer,2.5
Peripheral,Volunteer,3.1578947368421053
Peripheral,Volunteer,1.1764705882352942
Peripheral,Volunteer,0.5474452554744526
Peripheral,Volunteer,0.3982300884955752
Peripheral,Volunteer,1.978021978021978
Peripheral,Volunteer,2.0
Peripheral,Volunteer,8.181818181818182
Peripheral,Volunteer,2.0754716981132075
Peripheral,Volunteer,5.625
Peripheral,Volunteer,20.0
Peripheral,Volunteer,3.0
Peripheral,Volunteer,0.5714285714285714
Peripheral,Volunteer,0.3045685279187817
Peripheral,Volunteer,0.3174603174603174
Peripheral,Volunteer,2.0
Peripheral,Volunteer,0.5
Peripheral,Volunteer,60.0
Peripheral,Volunteer,1.592920353982301
Peripheral,Volunteer,0.7317073170731707
Peripheral,Volunteer,8.333333333333334
Peripheral,Volunteer,2.5
Peripheral,Volunteer,1.0363636363636364
Peripheral,Volunteer,45.0
Peripheral,Volunteer,2.0
Peripheral,Volunteer,3.1377551020408165
Peripheral,Volunteer,21.0
Peripheral,Volunteer,1.0084033613445378
Peripheral,Volunteer,2.571428571428571
Peripheral,Volunteer,2.0
Peripheral,Volunteer,6.428571428571429
Peripheral,Volunteer,11.666666666666668
Peripheral,Volunteer,0.2334630350194552
Peripheral,Volunteer,1.5
Peripheral,Volunteer,0.6185567010309279
Peripheral,Volunteer,9.0
Peripheral,Volunteer,2.0
Peripheral,Volunteer,10.90909090909091
Peripheral,Volunteer,11.25
Peripheral,Volunteer,6.0
Peripheral,Volunteer,3.75
Peripheral,Volunteer,15.0
Peripheral,Volunteer,2.323943661971831
Peripheral,Volunteer,2.0
Peripheral,Volunteer,0.4597701149425288
Peripheral,Volunteer,2.0
Peripheral,Volunteer,8.571428571428571
Peripheral,Volunteer,60.0
Peripheral,Volunteer,12.0
Peripheral,Volunteer,2.0
Peripheral,Volunteer,4.736842105263158
Peripheral,Volunteer,6.0
Peripheral,Volunteer,1.7142857142857142
Peripheral,Volunteer,13.636363636363637
Peripheral,Volunteer,3.75
Peripheral,Volunteer,12.857142857142858
Peripheral,Volunteer,2.0
Peripheral,Volunteer,15.0
Peripheral,Volunteer,4.285714285714286
Peripheral,Volunteer,15.294117647058824
Peripheral,Volunteer,6.0
Peripheral,Volunteer,4.285714285714286
Peripheral,Volunteer,0.6912442396313364
Peripheral,Volunteer,0.36144578313253
Peripheral,Volunteer,3.2801822323462417
Peripheral,Volunteer,0.4026845637583892
Peripheral,Volunteer,45.0
Peripheral,Volunteer,60.0
Peripheral,Volunteer,3.0
Peripheral,Volunteer,0.4864864864864864
Peripheral,Volunteer,3.4285714285714284
Peripheral,Volunteer,2.0
Peripheral,Volunteer,2.0
Peripheral,Volunteer,2.0
Peripheral,Volunteer,0.6716417910447761
Peripheral,Volunteer,3.0
Peripheral,Volunteer,60.0
Peripheral,Volunteer,60.0
Peripheral,Volunteer,15.0
Peripheral,Volunteer,3.0
Peripheral,Volunteer,60.0
Peripheral,Volunteer,0.8709677419354839
Peripheral,Volunteer,0.1914893617021276
Peripheral,Volunteer,2.0
Peripheral,Volunteer,1.1538461538461535
Peripheral,Volunteer,2.0
Peripheral,Volunteer,1.6666666666666667
Peripheral,Volunteer,20.0
Peripheral,Volunteer,0.36144578313253
Peripheral,Volunteer,5.779816513761468
Peripheral,Volunteer,4.615384615384615
Peripheral,Volunteer,60.0
Peripheral,Volunteer,1.1285266457680252
Peripheral,Volunteer,0.7692307692307693
Peripheral,Volunteer,1.1538461538461535
Peripheral,Volunteer,5.714285714285714
Peripheral,Volunteer,5.142857142857142
Peripheral,Volunteer,12.0
Peripheral,Volunteer,1.1111111111111112
Peripheral,Volunteer,0.3393665158371041
Peripheral,Volunteer,3.488372093023256
Peripheral,Volunteer,60.0
Peripheral,Volunteer,3.888888888888889
Peripheral,Volunteer,15.0
Peripheral,Volunteer,2.0
Peripheral,Volunteer,0.2908587257617728
Peripheral,Volunteer,0.6158357771260997
Peripheral,Volunteer,0.2040816326530612
Peripheral,Volunteer,1.3953488372093024
Peripheral,Volunteer,8.0
Peripheral,Volunteer,6.0
Peripheral,Volunteer,4.285714285714286
Peripheral,Volunteer,1.3043478260869563
Peripheral,Volunteer,1.0975609756097562
Peripheral,Volunteer,20.0
Peripheral,Volunteer,0.3370786516853932
Peripheral,Volunteer,1.139240506329114
Peripheral,Volunteer,5.647058823529411
Peripheral,Volunteer,0.5202312138728323
Peripheral,Volunteer,2.0
Peripheral,Volunteer,2.0
Peripheral,Volunteer,3.0
Peripheral,Volunteer,6.666666666666667
Peripheral,Volunteer,60.0
Peripheral,Volunteer,0.1637554585152838
Peripheral,Volunteer,1.829268292682927
Peripheral,Volunteer,10.0
Peripheral,Volunteer,1.3203684749232345
Peripheral,Volunteer,0.28125
Peripheral,Volunteer,2.9032258064516125
Peripheral,Volunteer,2.0
Peripheral,Volunteer,60.0
Peripheral,Volunteer,4.838709677419354
Peripheral,Volunteer,2.0
Peripheral,Volunteer,1.818181818181818
Peripheral,Volunteer,0.2015677491601344
Peripheral,Volunteer,2.962962962962963
Peripheral,Volunteer,11.25
Peripheral,Volunteer,5.0
Peripheral,Volunteer,0.3409090909090909
Peripheral,Volunteer,1.0769230769230769
Peripheral,Volunteer,0.5421686746987951
Peripheral,Volunteer,2.5190839694656493
Peripheral,Volunteer,4.615384615384615
Peripheral,Volunteer,2.0
Peripheral,Volunteer,1.8461538461538465
Peripheral,Volunteer,4.0
Peripheral,Volunteer,8.333333333333334
Peripheral,Volunteer,0.46875
Peripheral,Volunteer,2.7272727272727275
Peripheral,Volunteer,10.0
Peripheral,Volunteer,1.1965811965811963
Peripheral,Volunteer,0.851063829787234
Peripheral,Volunteer,1.8584070796460177
Peripheral,Volunteer,2.0
Peripheral,Volunteer,1.4285714285714286
Peripheral,Volunteer,10.0
Peripheral,Volunteer,0.6787330316742082
Peripheral,Volunteer,2.3376623376623376
Peripheral,Volunteer,0.6622516556291391
Peripheral,Volunteer,3.0
Peripheral,Volunteer,0.759493670886076
Peripheral,Volunteer,0.7237635705669482
Peripheral,Volunteer,1.75
Peripheral,Volunteer,2.7272727272727275
Peripheral,Volunteer,22.5
Peripheral,Volunteer,5.0
Peripheral,Volunteer,4.2
Peripheral,Volunteer,0.3498542274052478
Peripheral,Volunteer,18.0
Peripheral,Volunteer,12.857142857142858
Peripheral,Volunteer,1.5517241379310345
Peripheral,Volunteer,60.0
Peripheral,Volunteer,5.454545454545455
Peripheral,Volunteer,4.8
Peripheral,Volunteer,3.75
Peripheral,Volunteer,1.9354838709677415
Peripheral,Volunteer,120.0
Peripheral,Volunteer,6.0
Peripheral,Volunteer,5.454545454545455
Peripheral,Volunteer,0.6787330316742082
Peripheral,Volunteer,0.4347826086956522
Peripheral,Volunteer,2.0
Peripheral,Volunteer,0.3722084367245657
Peripheral,Volunteer,1.836734693877551
Peripheral,Volunteer,30.0
Peripheral,Volunteer,0.5150214592274678
Peripheral,Volunteer,2.2222222222222223
Peripheral,Volunteer,0.5172413793103449
Peripheral,Volunteer,1.3636363636363638
Peripheral,Volunteer,5.714285714285714
Peripheral,Volunteer,60.0
Peripheral,Volunteer,15.0
Peripheral,Volunteer,60.0
Peripheral,Volunteer,6.774193548387096
Peripheral,Volunteer,8.571428571428571
Peripheral,Volunteer,2.4324324324324325
Peripheral,Volunteer,2.1003963011889035
Peripheral,Volunteer,60.0
Peripheral,Volunteer,0.7142857142857143
Peripheral,Volunteer,2.0
Peripheral,Volunteer,1.0404624277456649
Peripheral,Volunteer,24.0
Peripheral,Volunteer,3.515625
Peripheral,Volunteer,0.5737704918032788
Peripheral,Volunteer,90.0
Peripheral,Volunteer,20.0
Peripheral,Volunteer,12.857142857142858
Peripheral,Volunteer,4.285714285714286
Peripheral,Volunteer,1.868512110726644
Peripheral,Volunteer,10.714285714285714
Peripheral,Volunteer,2.0
Peripheral,Volunteer,0.6136363636363636
Peripheral,Volunteer,25.714285714285715
Peripheral,Volunteer,12.857142857142858
Peripheral,Volunteer,20.0
Peripheral,Volunteer,11.470588235294118
Peripheral,Volunteer,30.0
Peripheral,Volunteer,4.0
Peripheral,Volunteer,1.6582914572864322
Peripheral,Volunteer,3.75
Peripheral,Volunteer,3.4285714285714284
Peripheral,Volunteer,0.9375
Peripheral,Volunteer,2.7272727272727275
Peripheral,Volunteer,10.0
Peripheral,Volunteer,2.0
Peripheral,Volunteer,30.0
Peripheral,Volunteer,20.0
Peripheral,Volunteer,3.6912751677852342
Peripheral,Volunteer,60.0
Peripheral,Volunteer,0.9523809523809524
Peripheral,Volunteer,1.5348837209302324
Peripheral,Volunteer,21.0
Peripheral,Volunteer,9.23076923076923
Peripheral,Volunteer,6.976744186046512
Peripheral,Volunteer,20.0
Peripheral,Volunteer,60.0
Peripheral,Volunteer,22.5
Peripheral,Volunteer,5.0
Peripheral,Volunteer,1.5849056603773584
Peripheral,Volunteer,38.18181818181819
Peripheral,Volunteer,2.8301886792452837
Peripheral,Volunteer,2.4
Peripheral,Volunteer,0.625
Peripheral,Volunteer,60.0
Peripheral,Volunteer,3.5294117647058822
Peripheral,Volunteer,60.0
Peripheral,Volunteer,12.0
Peripheral,Volunteer,30.0
Peripheral,Volunteer,13.0
Peripheral,Volunteer,1.6216216216216215
Peripheral,Volunteer,3.613138686131387
Peripheral,Volunteer,3.0
Peripheral,Volunteer,9.295774647887324
Peripheral,Volunteer,120.0
Peripheral,Volunteer,2.0
Peripheral,Volunteer,25.714285714285715
Peripheral,Volunteer,3.387096774193548
Peripheral,Volunteer,75.0
Peripheral,Volunteer,90.0
Peripheral,Volunteer,4.658385093167702
Peripheral,Volunteer,30.0
Peripheral,Volunteer,15.0
Peripheral,Volunteer,30.0
Peripheral,Volunteer,1.35
Peripheral,Volunteer,4.426229508196721
Peripheral,Volunteer,30.0
Peripheral,Volunteer,4.308510638297872
Peripheral,Volunteer,120.0
Peripheral,Volunteer,60.0
Peripheral,Volunteer,60.0
Peripheral,Volunteer,2.0
Peripheral,Volunteer,30.0
Peripheral,Volunteer,3.75
Peripheral,Volunteer,270.0
Peripheral,Volunteer,45.0
Peripheral,Volunteer,4.285714285714286
Peripheral,Volunteer,2.0
Peripheral,Volunteer,20.0
Peripheral,Volunteer,2.6938775510204085
Peripheral,Volunteer,90.0
Peripheral,Volunteer,7.142857142857143
Peripheral,Volunteer,12.0
Peripheral,Volunteer,2.181818181818182
Peripheral,Volunteer,3.0
Peripheral,Volunteer,30.0
Peripheral,Volunteer,6.0
Peripheral,Volunteer,120.0
Peripheral,Volunteer,1.5
Peripheral,Volunteer,20.0
Peripheral,Volunteer,4.0
Peripheral,Volunteer,4.0
Peripheral,Volunteer,52.5
Peripheral,Volunteer,30.0
Peripheral,Volunteer,1.4285714285714286
Peripheral,Volunteer,7.118644067796611
Peripheral,Volunteer,28.0
Peripheral,Volunteer,0.6617647058823529
Peripheral,Volunteer,90.0
Peripheral,Volunteer,4.0540540540540535
Peripheral,Volunteer,1.69811320754717
Peripheral,Volunteer,90.0
Peripheral,Volunteer,60.0
Peripheral,Volunteer,36.0
Peripheral,Volunteer,20.0
Peripheral,Volunteer,1.2195121951219514
Peripheral,Volunteer,3.461538461538461
Peripheral,Volunteer,4.0
Peripheral,Volunteer,3.402061855670103
Peripheral,Volunteer,55.0
Peripheral,Volunteer,2.0
Peripheral,Volunteer,30.0
Peripheral,Volunteer,45.0
Peripheral,Volunteer,45.0
Peripheral,Volunteer,13.125
Peripheral,Volunteer,3.0
Peripheral,Volunteer,60.0
Peripheral,Volunteer,3.913043478260869
Peripheral,Volunteer,15.294117647058824
Peripheral,Volunteer,10.0
Peripheral,Volunteer,2.6519337016574585
Peripheral,Volunteer,3.1578947368421053
Peripheral,Volunteer,8.076923076923077
Peripheral,Volunteer,32.06896551724138
Peripheral,Volunteer,90.0
Peripheral,Volunteer,60.0
Peripheral,Volunteer,0.4587155963302752
Peripheral,Volunteer,0.6666666666666666
Peripheral,Volunteer,90.0
Peripheral,Paid,1.5384615384615383
Peripheral,Paid,0.1061571125265392
Peripheral,Paid,13.983050847457628
Peripheral,Paid,0.9146341463414634
Peripheral,Paid,2.926829268292683
Peripheral,Paid,2.96137339055794
Peripheral,Paid,1.2820512820512822
Peripheral,Paid,0.5601659751037344
Peripheral,Paid,2.2459893048128343
Peripheral,Paid,1.875
Peripheral,Paid,1.7204301075268815
Peripheral,Paid,0.9596662030598052
Peripheral,Paid,0.4363636363636364
Peripheral,Paid,2.5
Peripheral,Paid,0.7894736842105263
Peripheral,Paid,1.4516129032258065
Peripheral,Paid,0.3278688524590164
Peripheral,Paid,2.0
Peripheral,Paid,1.9834710743801651
Peripheral,Paid,0.8823529411764706
Peripheral,Paid,0.7086614173228346
Peripheral,Paid,16.451612903225804
Peripheral,Paid,0.1045296167247386
Peripheral,Paid,9.0
Peripheral,Paid,0.2799712849964106
Peripheral,Paid,0.2412868632707774
Peripheral,Paid,1.6380655226209049
Peripheral,Paid,0.6818181818181818
Peripheral,Paid,30.0
Peripheral,Paid,3.0
Peripheral,Paid,1.4004914004914004
Peripheral,Paid,2.697547683923706
Peripheral,Paid,0.1053555750658472
Peripheral,Paid,0.1193633952254642
Peripheral,Paid,3.75
Peripheral,Paid,0.4109589041095891
Peripheral,Paid,4.5
Peripheral,Paid,0.2768456375838926
Peripheral,Paid,0.6923076923076923
Peripheral,Paid,1.87012987012987
Peripheral,Paid,14.210526315789474
Peripheral,Paid,1.032258064516129
Peripheral,Paid,0.8247422680412372
Peripheral,Paid,1.7061611374407584
Peripheral,Paid,0.3633217993079585
Peripheral,Paid,2.0
Peripheral,Paid,1.161290322580645
Peripheral,Paid,0.869098712446352
Peripheral,Paid,7.297297297297297
Peripheral,Paid,2.005141388174807
Peripheral,Paid,0.7758620689655172
Peripheral,Paid,90.0
Peripheral,Paid,1.1475409836065575
Peripheral,Paid,0.8333333333333333
Peripheral,Paid,0.7011686143572622
Peripheral,Paid,0.4035874439461883
Peripheral,Paid,4.444444444444445
Peripheral,Paid,1.6363636363636365
Peripheral,Paid,0.6613226452905812
Peripheral,Paid,2.3076923076923075
Peripheral,Paid,120.0
Peripheral,Paid,45.0
Peripheral,Paid,2.142857142857143
Peripheral,Paid,2.0
Peripheral,Paid,20.0
Peripheral,Paid,16.875
Peripheral,Paid,4.370860927152318
Peripheral,Paid,2.7272727272727275
Peripheral,Paid,1.530612244897959
Peripheral,Paid,12.0
Peripheral,Paid,41.25
Peripheral,Paid,0.6572769953051643
Peripheral,Paid,3.096774193548387
Peripheral,Paid,30.0
Peripheral,Paid,3.75
Peripheral,Paid,0.4065040650406504
Peripheral,Paid,0.1187335092348285
Peripheral,Paid,9.529411764705882
Peripheral,Paid,0.2181818181818182
Peripheral,Paid,2.0
Peripheral,Paid,0.6788793103448276
Peripheral,Paid,3.0
Peripheral,Paid,1.5384615384615383
Peripheral,Paid,3.0
Peripheral,Paid,0.6766917293233082
Peripheral,Paid,0.3296703296703296
Peripheral,Paid,3.461538461538461
Peripheral,Paid,0.1512605042016807
Peripheral,Paid,1.3385826771653544
Peripheral,Paid,0.4559270516717325
Peripheral,Paid,4.285714285714286
Peripheral,Paid,1.081081081081081
Peripheral,Paid,30.0
Peripheral,Paid,15.0
Peripheral,Paid,3.1578947368421053
Peripheral,Paid,30.0
Peripheral,Paid,4.090909090909091
Peripheral,Paid,60.0
Peripheral,Paid,2.4489795918367347
Peripheral,Paid,6.947368421052632
Peripheral,Paid,0.2352941176470588
Peripheral,Paid,21.428571428571427
Peripheral,Paid,2.88
Peripheral,Paid,0.2916666666666667
Peripheral,Paid,90.0
Peripheral,Paid,3.0
Peripheral,Paid,0.9195402298850576
Peripheral,Paid,54.0
Peripheral,Paid,7.0588235294117645
Peripheral,Paid,11.666666666666668
Peripheral,Paid,60.0
Peripheral,Paid,3.253012048192771
Peripheral,Paid,1.68
Peripheral,Paid,6.9230769230769225
Peripheral,Paid,3.0
Peripheral,Paid,1.5384615384615383
Peripheral,Paid,0.455075845974329
Peripheral,Paid,8.048780487804878
Peripheral,Paid,4.0
Peripheral,Paid,2.0
Peripheral,Paid,17.848101265822784
Peripheral,Paid,2.3076923076923075
Peripheral,Paid,37.5
Peripheral,Paid,37.5
Peripheral,Paid,8.695652173913045
Peripheral,Paid,27.567567567567565
Peripheral,Paid,3.333333333333333
Peripheral,Paid,30.0
Peripheral,Paid,2.142857142857143
Peripheral,Paid,11.538461538461538
Peripheral,Paid,2.4725274725274726
Peripheral,Paid,13.953488372093023
Peripheral,Paid,26.666666666666664
Peripheral,Paid,180.0
Core,Volunteer,3.8771929824561404
Core,Volunteer,9.585152838427948
Core,Volunteer,2.172552525704068
Core,Volunteer,16.63397005678885
Core,Volunteer,28.937259923175418
Core,Volunteer,6.90537084398977
Core,Volunteer,19.131293188548867
Core,Volunteer,16.338028169014084
Core,Volunteer,2.733882695104217
Core,Volunteer,10.687830687830687
Core,Volunteer,14.689265536723164
Core,Volunteer,4.406047516198704
Core,Volunteer,29.183303085299453
Core,Volunteer,4.024896265560166
Core,Volunteer,13.902439024390246
Core,Volunteer,3.374164810690423
Core,Volunteer,10.54945054945055
Core,Volunteer,6.032806804374241
Core,Volunteer,38.05200528867342
Core,Volunteer,5.9838274932614555
Core,Volunteer,5.7751277683134585
Core,Volunteer,4.097831102907245
Core,Volunteer,15.988023952095809
Core,Volunteer,6.0566706021251475
Core,Volunteer,5.309734513274336
Core,Volunteer,28.180196253345226
Core,Volunteer,7.366071428571429
Core,Volunteer,5.053763440860215
Core,Volunteer,17.43083003952569
Core,Volunteer,20.75268817204301
Core,Volunteer,0.09925558312655088
Core,Volunteer,33.70044052863436
Core,Volunteer,5.954631379962193
Core,Volunteer,18.669527896995707
Core,Volunteer,5.659574468085107
Core,Volunteer,10.440917107583774
Core,Volunteer,11.789137380191693
Core,Volunteer,7.230215827338129
Core,Volunteer,9.96951219512195
Core,Volunteer,2.6538461538461537
Core,Volunteer,2.2888984140591515
Core,Volunteer,3.6742192284139623
Core,Volunteer,2.526315789473684
Core,Volunteer,14.83695652173913
Core,Volunteer,11.270604395604396
Core,Volunteer,5.9880239520958085
Core,Volunteer,20.83234244946492
Core,Volunteer,1.4101497504159732
Core,Volunteer,10.86021505376344
Core,Volunteer,15.9375
Core,Volunteer,9.902912621359222
Core,Volunteer,2.3276661514683155
Core,Volunteer,6.504424778761062
Core,Volunteer,4.275862068965517
Core,Volunteer,8.181818181818182
Core,Volunteer,5.898161244695898
Core,Volunteer,0.7458100558659219
Core,Volunteer,10.189233278955953
Core,Volunteer,0.8751279426816785
Core,Volunteer,8.19112627986348
Core,Volunteer,1.3175164058556286
Core,Volunteer,4.958123953098827
Core,Volunteer,5.037974683544304
Core,Volunteer,3.2595966167859465
Core,Volunteer,1.3000548546352166
Core,Volunteer,2.1489161168708764
Core,Volunteer,0.649171270718232
Core,Volunteer,1.9817287420941674
Core,Volunteer,1.7914012738853502
Core,Volunteer,0.2912621359223301
Core,Volunteer,12.105263157894736
Core,Volunteer,3.925233644859813
Core,Volunteer,0.8636363636363636
Core,Volunteer,16.55917667238422
Core,Volunteer,1.0
Core,Volunteer,1.1592505854800939
Core,Volunteer,6.635294117647059
Core,Volunteer,4.386106623586429
Core,Volunteer,9.094736842105263
Core,Volunteer,9.838056680161944
Core,Volunteer,2.1983914209115283
Core,Volunteer,0.9
Core,Volunteer,3.8333333333333335
Core,Volunteer,6.406570841889117
Core,Volunteer,1.2861915367483296
Core,Volunteer,5.635838150289017
Core,Volunteer,0.48439181916038754
Core,Volunteer,4.295302013422819
Core,Volunteer,1.119311193111931
Core,Volunteer,4.605911330049261
Core,Volunteer,3.547523427041499
Core,Volunteer,4.98452012383901
Core,Volunteer,2.441860465116279
Core,Volunteer,7.3691860465116275
Core,Volunteer,10.883720930232558
Core,Volunteer,0.9777547853078117
Core,Volunteer,3.534545454545454
Core,Volunteer,16.58385093167702
Core,Volunteer,7.52373417721519
Core,Volunteer,4.097421203438396
Core,Volunteer,3.2695507487520796
Core,Volunteer,3.3513170422088225
Core,Volunteer,7.679425837320574
Core,Volunteer,1.8586640851887708
Core,Volunteer,1.775147928994083
Core,Volunteer,0.5681818181818181
Core,Volunteer,2.9651162790697674
Core,Volunteer,28.736559139784944
Core,Volunteer,0.3882099209202013
Core,Volunteer,9.56043956043956
Core,Volunteer,14.999999999999998
Core,Volunteer,4.164904862579282
Core,Volunteer,3.711340206185567
Core,Volunteer,6.04641168886979
Core,Volunteer,3.645833333333333
Core,Volunteer,15.98393574297189
Core,Volunteer,5.902777777777778
Core,Volunteer,3.0655640874187835
Core,Volunteer,3.3043478260869565
Core,Volunteer,15.867768595041323
Core,Volunteer,2.4787363304981773
Core,Volunteer,1.6210045662100458
Core,Volunteer,0.637046716759229
Core,Volunteer,1.1472527472527474
Core,Volunteer,0.5386620330147698
Core,Volunteer,2.9325259515570936
Core,Volunteer,3.9831932773109244
Core,Volunteer,6.778846153846154
Core,Volunteer,1.0780669144981414
Core,Volunteer,4.268774703557312
Core,Volunteer,1.5540540540540542
Core,Volunteer,2.4971493728620295
Core,Volunteer,3.4457142857142857
Core,Volunteer,1.343558282208589
Core,Volunteer,1.3592233009708738
Core,Volunteer,1.7372881355932202
Core,Volunteer,48.05429864253394
Core,Volunteer,1.3050233039875714
Core,Volunteer,8.820143884892087
Core,Volunteer,4.349503858875413
Core,Volunteer,15.0231124807396
Core,Volunteer,3.0453821656050954
Core,Volunteer,4.1637010676156585
Core,Volunteer,1.1392405063291138
Core,Volunteer,2.6030927835051547
Core,Volunteer,11.931260229132569
Core,Volunteer,2.3510971786833856
Core,Volunteer,1.4578454332552695
Core,Volunteer,4.790575916230367
Core,Volunteer,7.091836734693877
Core,Volunteer,11.368421052631579
Core,Volunteer,1.5848214285714286
Core,Volunteer,2.3692992213570636
Core,Volunteer,6.838235294117648
Core,Volunteer,10.164524421593832
Core,Volunteer,2.784431137724551
Core,Volunteer,1.194460473167917
Core,Volunteer,1.4660831509846826
Core,Volunteer,3.020730503455084
Core,Volunteer,0.5732484076433121
Core,Volunteer,2.8421052631578947
Core,Volunteer,3.2002101944298476
Core,Volunteer,2.110266159695817
Core,Volunteer,5.300546448087432
Core,Volunteer,5.827338129496402
Core,Volunteer,12.624784853700517
Core,Volunteer,5.793103448275862
Core,Volunteer,9.96844003606853
Core,Volunteer,2.426850258175559
Core,Volunteer,4.680851063829787
Core,Volunteer,1.0
Core,Volunteer,3.675675675675676
Core,Volunteer,3.9242685025817554
Core,Volunteer,6.75
Core,Volunteer,3.533772652388797
Core,Volunteer,28.580097087378643
Core,Volunteer,6.064516129032258
Core,Volunteer,2.1362940275650844
Core,Volunteer,1.6558441558441557
Core,Volunteer,2.8441879637262986
Core,Volunteer,2.195121951219512
Core,Volunteer,9.57619477006312
Core,Volunteer,3.061224489795918
Core,Volunteer,3.797814207650273
Core,Volunteer,1.3953488372093024
Core,Volunteer,3.297180043383948
Core,Volunteer,3.335679099225897
Core,Volunteer,1.9088319088319088
Core,Volunteer,3.5459662288930582
Core,Volunteer,1.8472330475448169
Core,Volunteer,3.3014354066985647
Core,Volunteer,9.473684210526317
Core,Volunteer,6.143344709897611
Core,Volunteer,6.225
Core,Volunteer,8.50909090909091
Core,Volunteer,1.2536656891495601
Core,Volunteer,3.825857519788918
Core,Volunteer,10.17364657814096
Core,Volunteer,8.93939393939394
Core,Volunteer,5.315533980582525
Core,Volunteer,2.3916083916083917
Core,Volunteer,4.785992217898833
Core,Volunteer,8.704663212435232
Core,Volunteer,7.974137931034483
Core,Volunteer,26.120689655172413
Core,Volunteer,31.75977653631285
Core,Volunteer,3.9220183486238533
Core,Volunteer,30.000000000000004
Core,Volunteer,34.61538461538461
Core,Volunteer,4.702108157653528
Core,Volunteer,5.158027812895069
Core,Volunteer,9.288537549407115
Core,Volunteer,3.8563327032136105
Core,Volunteer,57.735849056603776
Core,Volunteer,24.153132250580047
Core,Volunteer,15.585365853658537
Core,Volunteer,12.8125
Core,Paid,12.67175572519084
Core,Paid,6.079734219269103
Core,Paid,15.545454545454545
Core,Paid,41.32336018411968
Core,Paid,7.452229299363057
Core,Paid,15.92057761732852
Core,Paid,1.863354037267081
Core,Paid,13.446019629225736
Core,Paid,12.5
Core,Paid,11.654978962131837
Core,Paid,41.19565217391305
Core,Paid,12.3943661971831
Core,Paid,37.05544933078394
Core,Paid,6.824877250409165
Core,Paid,54.554883318928255
Core,Paid,33.31893687707641
Core,Paid,5.001947798987144
Core,Paid,8.376327769347498
Core,Paid,15.5625
Core,Paid,0.7175712971481141
Core,Paid,5.142857142857142
Core,Paid,36.28408750374588
Core,Paid,8.0
Core,Paid,34.03400309119011
Core,Paid,5.0
Core,Paid,2.477064220183486
Core,Paid,1.6366704161979753
Core,Paid,5.445544554455446
Core,Paid,11.65685449957948
Core,Paid,15.0
Core,Paid,4.5396825396825395
Core,Paid,3.9230769230769234
Core,Paid,3.2142857142857144
Core,Paid,36.195079086115996
Core,Paid,4.545454545454545
Core,Paid,13.151447661469934
Core,Paid,8.823529411764707
Core,Paid,1.0714285714285714
Core,Paid,4.980988593155893
Core,Paid,5.008313934153642
Core,Paid,12.789115646258503
Core,Paid,3.0
Core,Paid,20.232558139534884
Core,Paid,66.75824175824177
Core,Paid,10.0
Core,Paid,3.888888888888889
Core,Paid,19.792122538293217
Core,Paid,10.95808383233533
Core,Paid,29.57142857142857
Core,Paid,41.89655172413793
Core,Paid,1.8392857142857142
Core,Paid,4.696969696969697
Core,Paid,290.0
Core,Paid,7.1506849315068495
Core,Paid,7.471590909090908
Core,Paid,6.656101426307448
Core,Paid,4.58980044345898
Core,Paid,16.763110307414106
Core,Paid,7.760511882998172
Core,Paid,7.142857142857143
Core,Paid,41.65289256198347
Core,Paid,68.77030162412993
Core,Paid,28.434782608695652
Core,Paid,37.5
